tipo_validacao,periodo,data_inicio,data_fim,auc,precision,recall,amostras,taxa_positivos
segmento_Faixa_Etaria,>65,,,0.9988961318620666,0.9966996699669967,0.9710610932475884,1080,0.287962962962963
segmento_Faixa_Etaria,25-35,,,0.9984886215266084,0.9721059972105998,0.9707520891364902,2397,0.29954109303295784
segmento_Faixa_Etaria,35-45,,,0.9988982964819174,0.9786432160804021,0.958179581795818,3200,0.2540625
segmento_Faixa_Etaria,45-55,,,0.9990334690953718,0.9873684210526316,0.9591002044989775,2042,0.2394711067580803
segmento_Faixa_Etaria,<25,,,0.999462401274308,0.9966442953020134,0.9737704918032787,799,0.38172715894868586
segmento_Faixa_Etaria,55-65,,,0.9995647356758468,0.9936842105263158,0.9711934156378601,1734,0.28027681660899656
segmento_Genero,Masculino,,,0.9990276189463048,0.9781746031746031,0.9730263157894737,5478,0.27747353048557866
segmento_Genero,Feminino,,,0.9991721225930426,0.973565441650548,0.9798831927319922,5559,0.27720813095880553
segmento_Genero,Outro,,,0.9973118279569892,1.0,0.9166666666666666,215,0.27906976744186046
