feature_0,feature_1,feature_2,feature_3,feature_4,feature_5,feature_6,feature_7,feature_8,feature_9,inadimplente
1.3067249029951977,3.044738156017705,-0.8041491220552954,-0.39387338477890776,1.3877869473132731,4.317007954140534,2.8909335491743664,0.3985640658920072,1.667012705357071,-2.7468096729477662,0
2.2695984315903237,-1.021757853680244,0.47320012789837185,-1.3618803996954227,-1.2222438202008452,0.940234293143537,-1.801664550820804,1.1982760366446361,-1.3147734507194535,2.1157455419341615,1
0.6812032207008021,0.05518364982944368,0.639395351170981,-2.9477301112133985,0.1123376057472042,1.0379239758107448,-2.19223011625726,-0.42867479688130566,0.3373630663468662,2.422528990912541,0
-2.9411000608210722,-2.156769635175912,1.6382014009636534,0.3921495154363859,3.645581432948805,1.265491707134176,3.0413839843808006,1.5749486993076387,0.49462463957428626,1.4791774836314702,0
2.1332943667645514,1.8350639270877402,-0.20510724938305058,-0.567721101172498,1.1086750659347713,0.878707691153056,1.143459603862799,0.35140666884228294,1.1116221515087088,-0.2687245187580377,1
1.4555243131650428,1.0982192714487546,-0.07281901659353496,-0.9699745092775801,0.7903744476996806,1.7075996858175837,0.6538885316476762,1.2169688626813207,-0.8395392371006698,0.11651484035906776,0
-0.868204716670854,-0.45535476704570543,-0.0458406842633845,-1.3800983403831721,0.21566169094652443,2.475185668218932,-0.5070327593378738,1.470432303012538,0.7022764275515784,0.5738058757932535,0
4.983813033068628,-0.8111573087758126,1.9635688069739985,0.5841103987417164,0.4198879002031738,-3.5769375713240663,0.07327306917793694,-0.005275597109045737,2.2041861678862227,3.229164075481802,0
2.7423370844822825,-0.7137201727101127,1.278604309058331,-2.1850114546407697,-1.4755518027045613,0.11783312180800609,-2.962050201167851,1.7089640520298932,2.986329375576428,2.8767545027110915,1
1.613775528975198,0.9031412188666815,-1.1308605081169985,-1.9372847978291108,1.4802631607621792,2.9299368493608977,0.9595067729550772,0.6906305697567595,-0.7863040531383287,1.0557488072774746,0
2.654812592594646,-1.1240329891396064,1.733348273059012,-0.6991048420394239,-1.556245528719102,1.1732902474605602,-1.3560115053196047,2.0905299019716126,-1.5836079344201974,1.5778551777333654,1
1.522028905709454,-0.6886250159244982,1.8026664658938976,0.46977513438145935,2.161606262980002,-0.5500290566562569,2.074685137180628,-0.048097423042657995,-0.5582648758056487,1.7011037120241073,1
0.8050392759330609,-1.0926519771006657,-0.2721875492494852,-0.21775138453577358,3.223539189002278,-2.7185270753422848,1.3486847748941035,0.7212781292490482,1.9731048680819048,3.462170187451836,1
0.7467726596300268,-0.3838353847391329,1.3581885764125854,-0.5049997563575898,0.36080208671417,-0.8919047005816905,-0.6698593119920501,2.042257840510792,0.2759844929124723,1.4274782166505737,1
0.028178752434632526,-1.430374976499643,0.08803272715724308,-0.036032847739976726,2.317766007563935,0.35909628378533287,1.7821680431450984,-1.0337358005622264,1.714164357415557,2.0416015860334937,0
-1.6672370737770343,-2.0562843238012,0.31401053943864676,-1.6698196919381614,1.2789545261775905,2.129626470901957,-0.23797935064433878,0.5661869364210564,1.3060614618427262,2.4651683597696388,0
1.0009374902255748,0.17821401630480582,0.641418940421419,-2.2987977959813435,0.38514676534392933,0.5621790418488721,-1.5049007721525012,1.2123681179019035,1.013445759883764,2.1179700381995845,0
5.483574869412374,1.368530633925281,-2.022820532533807,-0.6844199242770417,-0.3647711499390479,5.306726287827232,2.2285218684927215,0.6170630447352031,-1.179541058580728,-0.48165678419112323,1
1.0906311324967115,0.5616615320742417,0.4947414098619887,0.04192278326251486,1.159451228454172,3.571607703990125,2.5199037571216327,-0.2793532754133253,-0.4989511237259181,-0.844158395637401,0
-2.6191138404518943,-2.4724068695488945,0.37243349144296495,-0.37109835894292553,3.0211315338032816,0.8071916813934903,1.671759082176708,1.0705794675782778,-1.5060888450601755,2.439099005887402,0
-2.866219304370595,-2.0197332913410513,0.7766248541404666,-2.030623502894124,0.7081978411045013,2.0194606174897007,-1.3589505579694063,-1.8739700756824453,-1.5886881303775897,2.13840348729828,0
1.6643874865400408,-0.07659466100863355,1.2397547513582552,-1.7594719131037748,0.4390264049375203,7.121846806583026,1.8560771575350146,1.1497153292266302,0.0731986281627831,0.10829566619806086,0
-4.820580976293652,-2.7047524516053274,3.0384945810158266,-0.9069581822770776,1.4808892609988509,-3.0168187801130895,-2.245303355068879,1.1876411393589066,-1.8203980480718356,2.9335535687554466,0
3.3862830164878996,2.8212828023060714,1.7063844094211666,1.2472046784576958,1.8190791385503178,2.9595974704383172,4.559819094519608,0.6426567318548759,-1.2947051806855492,-2.6387667690217715,0
-1.5711810360305432,1.073504406365598,0.5770781159364822,-3.526772419322314,0.09673477667077446,5.104849127507903,-1.4166499928577423,0.6787426017187439,-1.2745191073073694,-0.04919160823191812,0
1.1814147432012487,0.3577855133213075,-1.0121949351652746,-1.2212528385050294,-1.8306719172014274,0.3639202551216456,-2.5890324860261873,-0.2196020942255738,-0.1969257225752349,0.3334982679825759,1
-0.4162298532135944,-1.9174432786245346,-1.0332043658104342,-0.6233553708915954,2.007732454752637,0.11205262167467478,0.7607313959338603,-0.9196269384375572,0.5945261269679613,2.782382329247112,0
0.5720324547354567,1.8142480444736617,1.9607693858897288,-1.4631491534127257,0.06824887667574064,2.6654128151335437,-0.15608936862739176,-0.34670953287600176,-1.5004677127830177,-0.9753923945586804,0
-1.439774422769735,-0.5435337469784831,1.1567356493653587,-0.35965719325478274,1.055165047997283,0.9942351297104903,0.3901834231559818,2.085410622092149,0.8704491697413075,0.3432429964979527,0
-3.743183682647201,-1.4230889197306653,-0.045343066828852585,-0.5682613984265197,0.9841797768053737,-2.2380266955777257,-1.7490898887103983,-1.0848787762763399,-1.6934990908350727,1.4597864263829268,0
-2.375257377623474,-2.2820072603161137,0.8459868878125355,-1.8905215691445971,1.0685262298505822,1.8514268698407708,-0.9002910803204272,-0.4094225730308178,-3.3475505964875936,2.6117385477633337,1
1.0643439448341434,3.3308818927708232,3.156058476100699,-1.0411971690402961,1.845518203514843,6.454415144990461,3.598274828602517,0.6726257608719525,0.6660345733898599,-3.0220406730843368,0
1.7219698041445035,1.8709151900802008,0.8397580281729329,-0.42633921695235455,0.14788824391663413,1.2299088026631755,0.4657624632305598,0.46005434144644425,-1.995080466414733,-1.0343189616379895,0
-2.358442865932919,0.8311490860052946,0.35505569570499146,5.442018671350471,-2.499170318419065,2.905855327368411,2.9413269095532857,-0.7152209517993878,0.6541280021710922,-8.102613787399028,1
-5.207310524119847,-2.7556688713105038,1.2285737620309953,-2.1242118087153656,0.20289323713176965,-2.4666953508340157,-4.305932316776332,1.729289675723977,0.9840414529044801,3.241205900120863,0
1.7180758904230546,1.0948767374771964,0.9583465765355768,-0.9802753384105776,0.9989321603780316,4.640722560784415,2.1052731557046735,-1.573914211994401,-0.8577388807870001,-0.6079307072083048,0
1.6259133353679693,-0.0892850682566283,1.6451572720842147,-0.8630772184993547,-1.4067251655607214,0.9097009366543889,-1.6114039572771977,-0.7928636050723185,1.2736650541304377,0.5702810512785703,1
2.675960549296311,0.6200382869459058,0.751719867013684,-0.24751029455612206,1.281030081121705,2.603338634410598,2.3139941181120327,-0.7963266453295174,-0.26935210472675786,0.2602348398297069,0
-0.6161808996352838,-0.1660458019611294,0.5828841474300146,-1.6238589409466653,1.0077536457255192,-1.457069455512535,-1.5655507201377996,-0.48414713088721034,1.9278129974385718,2.126330323676083,1
4.701140570596628,0.9773556179992952,-1.0487184518423085,-0.002516601971045196,-0.467626532597179,2.5172719009118407,1.3751066577947506,1.4822994861529117,0.0829205593095799,-0.17293426877059861,1
3.1819498323914033,-0.48391738178164223,-1.2757639615775038,-0.40647439696678456,0.7339178836068245,0.032465502156476034,0.6396661976584369,-0.9364460516490096,-0.03255022308771416,2.149659237953617,0
1.3689332697173544,-0.13686578139352013,-0.059113366043033855,-0.9694623429283524,0.3284536898824649,2.5954996418172795,0.496054514236496,-0.12369318951178283,-2.2775626068490844,0.7371403917897039,0
1.7521759987917946,0.6623357520066988,0.020764894140996526,-2.061472995276368,1.451319677457698,1.9164239981206488,0.4156120873779816,0.581873956823205,1.3333873002204246,1.7283857540113383,0
-4.870050199568554,-2.0856703090644793,2.5130341264898712,-0.7238633697175288,1.2071620288054756,-3.0582822147373765,-2.312494741189803,0.8752900534165288,0.6117870490026632,2.1191345892757876,0
0.38236284306484475,0.2438474535991333,-0.23103604897594898,-0.1644713583984445,0.7272961308547299,1.0456659901345775,0.7304607383605863,-0.49529607088106914,0.20451600281122595,-0.015432996283671424,0
0.2254731645679679,-1.185023907974246,1.1164853043162508,-2.570552037005216,-0.7330919994535277,2.4112945031272783,-2.243844644611074,-0.6941767358853519,-0.7152485188175908,2.3002204929921373,0
1.1143205856544187,1.1691623935344269,1.2541959417883657,-2.2367882777962835,-2.5274994486826956,2.2104075536207772,-3.281488545804401,-0.5227749482165637,0.31955410121987704,-0.37003826342451507,0
0.8953947702355995,-1.5182429678099356,-0.6685786064600356,-2.0828093153057514,2.113936881045708,-1.6457593412150127,-0.8341780945311421,0.061162567850915076,0.22505788525793918,4.729876648626375,1
-0.30316543412877583,-0.7286827425555873,1.8187074860593095,-1.3297943264030665,1.1422361493403246,5.4482265364071765,1.7011361525029307,-1.2580199112663373,-0.22380305105096313,0.399711247157119,0
1.0284663170879496,-2.010916269489765,-2.988447516762022,0.1094056279422655,4.405711027831154,6.106889962512177,6.335906082692164,-0.4665549688269199,-0.37979424209195584,1.7876592859298923,0
-1.3547915400342085,-0.9762973990360795,-0.6770130813557507,-0.9203504671316023,1.2722741352657512,2.5081903012936224,0.7119675587384382,-0.045501855380286525,-1.9839966831469544,0.8524336106443333,0
0.6738486045881285,1.0699576822680794,1.8172736224554566,-2.684483931282416,1.6746057498766755,5.801107684832232,1.4924593239499542,-0.6744143144101269,0.5867973779847261,0.39973312782113235,0
-2.750047741825824,-1.41657363222133,0.5337694615965912,-1.274752746439153,0.7030554157760168,-0.00786569574484619,-1.478892907881374,-1.5120063120615763,0.8269434604651958,1.6191428752113242,0
-1.0485811929553455,-0.7087022382043107,-0.9666673164382766,-0.9326166874729529,1.2683553249334576,4.124645505241083,1.453986396509294,-1.2516035924647442,-0.794062257036022,0.23236768063808472,0
3.9343931400881083,0.6305945364205184,-1.9850387793393853,-0.17787010327834574,2.081496807374506,1.783212384322842,3.01817218088581,-0.7348037072103585,1.5493409267710596,1.1895072732006102,0
-1.1693353698574163,-0.8520899436790219,-0.25220413503771066,-0.49307223002737033,1.4466733615494158,1.6958346633490702,0.9505760849753653,-0.23893182145712105,-1.651918183191787,0.7569969937079059,0
-0.3292778274585454,1.9515024624502662,3.1016496376810796,-2.3142129201419825,1.5319980430455735,6.9035905025652795,1.9996772674634096,0.11758168066188653,0.25695743818394445,-1.4525197936947973,0
-3.1619352020556675,-1.626300176166939,1.992935599283047,-1.802398682828474,0.17450790454408727,0.1941691308780824,-2.430169400225453,-0.061229375201977056,-0.499635403112483,1.853368502957186,0
2.3598369524108422,0.4873968772740819,1.0656353306401696,-1.1518474244539,1.539798687406457,1.755066270463207,1.332269896600836,-1.0782181701163007,-1.030142265222829,1.4013133650425598,0
3.9424615086052097,2.3115415659589442,0.7633580925732322,2.0686105157959487,-0.8714965693091541,0.8125238230970955,2.044457613879885,0.7983480513491078,0.6593081195113274,-3.030809107923913,1
2.865785989395071,0.4748418362847884,0.9704605511117304,-1.0714987473537885,1.581536115181055,0.5800652736856848,1.057112438857597,0.2910068624638142,-1.7644481722305585,1.9020740600719892,1
-0.6698891992244378,3.265436095683132,-1.916754194761329,-2.2178252161412537,0.7416682771813654,4.954782536464959,0.5930910118525287,0.3609860825370816,0.9681026637765426,-2.516163700448478,0
1.841829974663875,2.93207015768872,-1.6850221619861228,0.0018850548839044468,1.560386981133954,4.138133159626204,3.4192189857958772,-2.406238151009897,-0.1707466394983074,-2.6769391849250845,0
1.7100506671033182,-1.0228971398653668,-0.8267392279910486,-2.3919791961116235,0.677303505707058,2.0771713631592035,-0.6366320195332896,-0.3398450418443653,0.5017911677776411,3.1581522997634712,0
1.7649230874662472,-0.07291274076095011,1.7391647550408054,-1.583426925443979,0.5532576341742399,6.481822092497886,1.8670865742649323,0.6810395960445219,1.8840011375698578,0.2299756567095803,0
-0.3013193996481711,-0.303556888569844,-1.314718295586868,-0.5133639284478541,0.735707851897917,0.9457819030483308,0.20794990091075885,2.105161380972418,0.10025648704515945,0.5622490873749664,0
3.0061397649682355,2.323274925376266,1.5850223282960076,0.10001742455765139,-0.6710837538334592,1.488691678041229,0.599985320818612,0.6870670696361196,0.9180314686799862,-1.8174682695815174,1
2.924139378575135,1.375206668525697,-0.20991422826736572,0.33462935879039546,1.2210817713940472,0.9796800869045816,2.201077500418271,0.4437392912698055,0.1693750512716112,-0.34334639495594804,0
2.687253550150565,-0.7294279652966749,-0.20011871586256946,-1.341126705785359,0.4663115279140899,-0.2156924422774773,-0.637830253586443,0.4510882125055664,-3.5388577250697595,2.9722253039983957,0
3.940238008095294,-0.2363553794073252,0.822831099425327,-0.7003056454431098,1.6737664630764435,0.3199998564658416,1.5261710805881925,-1.1262382070860628,-0.41517528116371183,2.7120426776556052,0
0.5830271540107665,-0.5059626254792571,1.7977348251803933,-3.043226725927533,0.34781217577049905,2.107328495303536,-1.6831179962446254,1.290548225767958,-1.4329490836170877,2.7256059122517255,0
1.8079945448197128,0.47856095962808076,-0.023943202307831646,-1.59585702828855,0.2486875836600786,0.023437907057618723,-1.048052479144728,-0.7228852010761648,-0.9059651413176992,1.6495649047877514,0
3.2504728677134276,0.6604944881547495,-0.9696429216159614,-0.4025430620816357,1.7549045974655417,0.9197450912287417,2.029656836529937,-0.05324257008920245,0.6837095369080293,1.258498402299968,0
4.354238221513411,-0.26614630248462934,-0.06865262252312088,0.39572427178685365,1.9690614834912576,1.3663755687112595,3.2621128333006744,-0.38259338288737815,-0.05605556594019711,1.7304717165641295,0
2.033394979324673,1.7216067264747574,2.4779268893292103,0.22374122266841523,0.6997359529247097,2.6559911179013866,2.171840477523443,0.07486130625002908,0.5428733481036709,-1.5849550090634392,0
-0.914822726351058,-1.3599187357959073,3.1095461106801,-2.0461703930160335,0.26283328949551166,2.7393331120349718,-1.0119732089551763,2.5074952378588335,0.09885944501101981,1.869613809835244,0
1.570197068256759,-1.1916985577521735,1.137347224858723,-0.15148117121660842,1.0681122369771356,-0.5253105566725838,0.53594837638757,1.439293483835469,-0.12443078414381013,2.2845564685224113,1
-0.527425656162892,2.2152533852074106,-1.7146954624327027,-2.549498706692665,0.31776200932887166,4.285493150804582,-0.40332671445086204,1.0921029610193338,-1.1246550393159365,-1.1975677260530029,0
1.4679663798330758,2.6417673186100776,-0.6772448551489498,0.0026701601764136385,0.4534116863041111,3.762420868362176,2.169402842767192,-0.6166335598554541,-0.5747964176044837,-2.848024882797783,0
-2.4402311987149075,-0.6494532237336297,2.7477009862055617,-1.7437140589792812,-1.1221225798935892,-1.4172493671778077,-3.985793227310888,-0.7857002208783427,1.5227112992961702,1.2063569965396859,0
1.280733342415055,-1.0696520661819457,-2.1367651740989655,0.1194959637251598,2.1200485278085015,-0.4495320072246509,1.695186392970493,0.08732870392164904,-1.182815502304289,2.2085579939679465,1
1.18732957229963,0.514863862264163,-1.3754703744389702,-0.6959029402156827,-0.2158739408242445,1.291188750655,-0.28527709887158054,-1.111505380701124,-0.09547264428609868,0.058911702190498454,0
2.0335082352789233,-0.33683675004552205,1.9645605094692253,-0.89314586523757,1.6589131911585595,-2.4843166251689848,-0.22837569141565875,-0.9858104964754729,1.0484848737045507,3.151646674551829,1
0.23198252662066793,-0.014998291579301437,0.9451227214672372,-1.0686266024776123,0.01906038671395527,2.063102115123203,-0.3189806843118526,0.3425189711405081,-0.9115099686768718,0.3596712386290348,0
1.854965889173251,3.895818762647871,-0.8602115890402888,0.4568668459629104,1.7003134618889537,5.434118510517644,4.5542201728442695,0.6276112125924505,-0.8903770582600778,-4.268832445175356,0
-1.6463550300776628,-1.7278589890272973,-0.2920916695386062,-0.5443208786530798,2.242633499178531,1.8976942027316508,1.5371267119928151,-0.5607944692399751,0.41818896442890974,1.644225369424661,0
-0.4279616536173585,-1.1152867378481526,0.317720482699643,0.018113507104304816,3.2154629142783713,5.436837319451156,4.671610690495322,-1.4214646871565255,-0.0283398453664603,0.31661388271657837,0
1.6027404940492507,0.4292744388966727,-0.8904915800118443,-2.1755129770790136,0.8248235987493124,1.0620740059596367,-0.6497545105243978,-0.7498482103826004,0.21757953634296223,2.0115761673743124,1
3.5796553186717706,0.2630740689129911,1.990001752411652,0.9492099031480212,-0.8427632223603396,3.2881183509047758,1.8940327864011315,-2.0711798825804664,-0.34306254338566294,-1.1314734377664941,1
-0.4661284733483724,-0.7123430908911477,0.14785197284177437,-2.7428999667754663,-1.4485839847688378,1.8937572809877343,-3.360206066562263,0.6538332230623791,0.852680375827011,1.6760578560227988,0
-1.4376830034596657,-1.2586075846237665,0.2662684166392748,-1.7206661568439112,0.048310831250177766,0.3878356521250885,-2.000903968041412,-0.22973533149785047,-1.3886220145349841,1.9616653754361209,0
3.229516608832502,-3.592840501255724,-0.23578547879735978,-1.8278221994058683,2.319849012192126,-1.144629998385644,0.11349760026087899,2.713619777528997,-0.6039858592158763,7.106347927071137,1
2.0947699556466337,-0.13460626451242352,-2.468947454555245,-0.040908664706085895,-1.433491905505332,4.7043932402048085,0.749442917528314,1.182594359069889,-1.80817792253016,-1.1126169273711244,1
3.0619459829523983,-0.02643241744128577,-0.47547351979313945,-0.7466146060131575,1.809899725008759,1.766753275215775,2.0400184465533435,-0.9371170452387332,-0.32516273242162486,1.8564531541215068,0
-0.518314639025018,-0.9141787320159015,1.3880552387299705,-2.379517816616371,-0.5883549587603518,2.7003935818123996,-1.964033604688234,1.0341099905036009,0.9834818955451907,1.5955975895417227,0
2.5061192908062098,0.9554967668069045,1.358577848461854,-0.05847636113034116,-0.3703181559680423,1.4879856632968562,0.5224841198891506,-1.648975837891303,0.22776700140487174,-0.5304165232646171,1
1.7396016947920387,1.6864197025979721,0.3583726067959285,-1.1433855260780947,1.8379778778814835,3.5671525136429927,2.3205873325584694,-0.7657453187062563,-0.6572117082110901,-0.3419369374556083,0
-1.4092895434673578,-0.2735389672200502,-2.5793116305238524,-0.42092483925318025,0.9642543120946145,1.8880149417745105,0.6535803324996581,-1.5110540339128657,-0.8746398141480543,-0.14366406043244112,0
7.586068660642662,2.3273064712506377,-1.021562433972925,-2.338178260934722,0.4054376842662164,-1.2560979613323404,-0.7253023485653813,0.8784535729984396,0.551334216089744,3.149150223585841,1
-1.6408413870345457,-1.1587690903112944,1.3928416577513032,-1.687251572237939,-0.3569606477323708,-0.01113768363985257,-2.5365239306734906,0.5675134612896133,0.5400241969892433,1.744588294859145,0
-2.6662793135963296,-1.1996227372607813,-0.08277403353468304,-1.9554739087984612,0.2586222630968973,2.5774659957835264,-1.360879130576155,0.8638716595520065,-0.243078056079208,1.0756563613509271,0
2.53796791113037,0.8256721555013453,0.7923608078935637,-1.180242112065633,0.731018324340565,0.41057613107244506,0.08663018832497427,1.5274293868801814,-0.9308852437031945,1.3029378243559906,0
2.7761777347665637,-2.0780445871486153,-1.8710500775108843,-0.2705341092927952,2.386090747783779,0.2516193855708283,2.124647227016413,0.1264756754883747,0.6322992097833006,3.8535539733496025,1
1.2907492105772584,2.0356606084287194,-3.826486550767302,-0.9497218358374497,0.5667045566684084,1.514557858538656,0.4273102105172133,-0.4630639442340176,0.01682506628781065,-0.8165896162785528,0
-0.2743050859081523,0.8787083000404354,0.012051613514653836,-2.3424909374089107,-0.5661089437152733,1.8121769031589294,-2.0927081739783935,0.4861685979665005,0.6868752232028936,0.33905102967364975,0
-1.682288436873935,-1.7019692234642583,0.3646892374882464,-1.6583182979630677,2.014766592428592,6.558122004976784,2.2954001228294145,0.8635713591358122,-0.23399757054656292,1.0391126585946537,0
4.657723064485705,1.330176855335401,-0.28721925052343433,-1.3355242602287016,-0.35891873731441826,1.5872900750495655,-0.05291202816995388,-0.6682689998441153,-0.9242189639800154,0.9708847472003739,1
1.2709877301102108,0.29777703454808957,5.360208722955211,-2.07077599506679,0.3125009081822633,0.07063054376356037,-1.5103142225541961,-0.2169149904265378,-1.3400568903608094,2.036685306871925,1
1.7860965445661605,0.5892600820793275,0.4813801707116081,-1.5451481973703252,1.0784085241602932,1.8792980973221487,0.5152524042231472,0.6450378554489973,-0.33408815877533443,1.234636592937219,0
2.666315236627437,-1.2172510324896526,2.2406027439010128,-1.5416708459631594,-0.5559238229342107,0.07084850694997252,-1.6520600513054369,0.9142595447941229,-1.1032507054703398,3.1017716365260175,1
-3.7534454617865833,-1.6825937288848452,-2.894720186132716,-0.08635305683826511,1.9444614549681583,-1.199886883414832,-0.0596504445295,-0.4673860752954615,0.20838231251962103,1.3093375463063668,0
-0.9312646653111256,-1.8236148657824411,1.0200464427524953,-1.2000019206871215,1.483338049673722,1.2001707550623442,0.14004740256684386,1.0848277401561082,0.6589353548536838,2.4796242344901946,0
-1.6348494585557778,-2.651983934354299,0.37239023776230185,-1.9789410111487387,1.8259246911559754,4.179509071919744,0.7973279384479379,0.23125774718408365,-0.12050819676589646,2.8415231381554498,0
-0.7043855719331287,0.754079219971092,0.12176980123463782,-3.9224705973951437,0.42107748453091043,3.569893490142059,-1.948273401476091,0.3982209514202937,-0.2637350376313479,1.4779924829982334,0
2.140036973962835,-0.11538401334411441,0.002008311679885799,-1.494870606745098,2.477000143270169,-1.8136978682077158,0.3014056422692204,1.3213162028034042,-0.20758434514303986,3.6064414429317364,1
1.4622409838284407,1.1930860004690687,0.7451476408806978,-1.6493465022848324,0.8719307179670532,1.85481224733119,0.20713513287111593,0.7255161387753777,-0.7273212215022773,0.6028748748102344,0
-1.5739830432080444,0.34288638153086737,-0.3901309152668848,-1.171663559039753,-1.0484777914747188,-0.29149431132320813,-2.6975112762803226,0.09674391293904691,0.15434423264234098,-0.1805636065096662,0
-0.25188067115301815,-0.5167838005277248,0.26386799933988353,1.6869856198874182,-1.2511764489396793,3.6953200865897218,1.4706138344045823,1.1263475324349776,1.6453818327071346,-2.710288932830295,1
2.204449257623998,-2.5274409584956503,1.0295092708197426,-1.4885874973573863,0.20697352656074064,-0.2838046298680337,-1.265661650073054,-0.4918194904828303,0.9741233692959304,4.450900358659746,1
0.6738524511313987,-2.2671972776448612,-0.42716714751036133,0.2596700501421747,5.943272189880148,-2.1052593798051022,4.341803764475767,0.2705977161156537,-1.9206888668853224,4.872594963842044,1
-4.562495691433897,-2.4123039501800694,-1.9356525280743666,-0.8461313342453775,2.2769644525100157,0.6529764776948225,0.12271155555629291,-1.0869752536506059,-1.7702441759754863,1.8742218074365666,0
-2.5811968042976483,-2.4557782693239316,-0.10312221268611044,-0.8654676562828811,2.647180964813347,2.103769726567155,1.4546693079716202,-0.8305122982775414,1.4596548295855094,2.322219894579746,0
1.8816608201299507,0.5924565844262379,0.7295508760615822,-0.2509250457456986,1.1867385438362,4.801625408506009,2.9699352227250646,-1.142595269487263,-0.8955458847173062,-0.7093467398676383,0
1.6449974859606766,1.1015915386398811,-0.6510712096634628,-1.0169155694325258,1.1440594947327165,2.206975401898292,1.1781464088102043,2.3919199321195173,-0.3863044984779063,0.19831536408662412,1
3.5704060486387332,-1.4577891280952735,1.785494367374395,-1.6083418748459426,1.1143917296175234,-2.840625395987842,-1.247729037552953,-0.4143897919652327,0.18379937299342966,5.216110152619182,0
-0.7091226879420625,-1.562025811603556,0.33306063859203955,-0.4466984867524203,2.1516726894462925,1.1728841342281822,1.4492443071785335,2.979054963801388,-0.08825146273128724,1.9360576746497498,0
-0.8266469458444545,0.139040159979696,-1.6787475956315459,2.125802924392021,-2.9617694313755476,3.7217876289096608,0.25608774173334475,0.40146414186699486,-0.3877617827065225,-4.519358147751993,1
-1.585625846437841,-1.5818249800910986,-0.24323821677684443,-1.8123417004778166,1.0344568045752385,3.9023596069101574,0.20840134208219208,1.9050230835354185,0.7968048330570654,1.5553844802073569,0
-4.709764402368352,-2.3076900242147365,2.8835086381593045,-2.01706469430229,0.4299478026090816,-0.15028062765469208,-2.9082046725528983,0.019576762090171933,-1.0799098408608079,2.2956016714735172,0
6.661165987156501,-3.3446498608804704,3.4907944088488922,-0.5149209507491584,2.0339584510465634,-4.583893803284043,0.3099153784426513,0.17380116487733835,-0.08485904498935258,7.9339442318094475,0
0.3758074638346592,-0.7303110095249632,0.48655051135439054,-0.8312269510736335,1.5419476641095584,4.455615271364287,2.223346993241048,-0.022368861878339998,-0.0810238367387997,0.6698176993867296,1
-2.26382139845116,-1.3591497895151492,2.085768694421649,-2.8664667375381088,-1.5360045515215792,-0.17818303497894827,-4.834296764455469,0.32843299058154907,-1.3685201427252165,2.3272115441210737,0
2.707170831676844,2.7024487933097943,1.1376998700705823,3.1014797676110364,-0.7927229047986997,0.2727244751748149,2.5572413582668023,0.6164221048147337,-0.4056883798062532,-4.507999370245422,1
-0.8594550374234133,-0.5271617586493859,-1.7676807189534038,-1.6971655257566376,-0.585130674899969,0.740068526825414,-2.22524922120937,1.4808862906533322,-0.9341542070495419,1.151678357095445,0
-1.2134462952335212,-1.4963806273484013,0.44543506451074355,-1.7667311946300808,0.3730383424574767,0.506894254120987,-1.6708826914245174,-0.8235226168569771,0.21861148653470555,2.376348372610698,0
1.539287549956031,0.5739749575886453,1.037309950805562,-2.031876342580978,1.6323995540302276,2.0480672993986953,0.6069365756680021,2.0350091093347893,-0.6403187591794156,1.7326199121581594,0
1.9958988271621534,1.0974017952436166,1.8724000848225535,-0.781390238959356,1.2541949599855913,2.565927750313411,1.7041023568422824,0.33653838187097995,-0.33037606334097747,0.05434303562173809,0
0.4210924416437861,-0.19442851559811924,0.8281471051771563,-1.5061914737674402,-0.01077601234238812,4.049106291839135,0.12531349551044935,-2.06763055408835,0.10045295045211468,0.33690206409526746,0
1.106283178815129,3.7617848195742107,-0.29825868436516845,-0.4833502168446764,2.932285707460853,8.15702076842442,5.806741502373486,-0.5871541590312039,0.08595738801721546,-3.9915646832858522,0
-0.017332349179916662,-1.789619197550088,-2.075783700040568,-0.928504914388626,2.5121204193530313,4.95072457940206,3.0517658497395423,-0.701750442130786,0.25431562655371026,1.7637324524774816,0
2.107373226843001,-0.48764846328869216,1.8539904340737285,-1.3683170710292503,-0.5600354945765469,3.8131027030925253,-0.0132418850737934,0.7357213110188878,0.03400925486107758,0.9466581614824012,1
2.788499448313602,-1.1744684624448298,1.7095226166123951,-1.2191476703199933,2.372240542301273,8.093220985659853,4.616764212711117,-0.43064925275382604,-0.4066687190384437,1.4388312083859092,0
3.199869919905602,1.2579966401152913,-0.6648045168120564,0.38453468588016815,0.8727397418179893,1.9534734902317916,2.385270557453439,0.9701010940126534,-0.2300253079140055,-0.6148681522802601,0
-1.5069751533221103,2.177020582194026,0.535203983438924,-1.1201681918148956,-1.2272963128927392,-2.0288007817615084,-3.3808464445092925,1.1161342887381218,1.3147884915190176,-1.3613112483606142,1
-1.1705612894740276,-1.6079143227844837,0.37414720509755467,-1.0698087180817317,1.5761372701554328,2.027111111109206,0.6458264534654514,-1.6524123902968042,-0.2981305792658438,1.869790474581712,0
3.3794665554093144,0.4293475003637167,-1.5146879014668118,0.21285311570433407,1.1565223647977958,1.1336078254248225,2.1251223559417203,-1.9223141054539656,0.7111924534215757,0.6924506627780798,1
2.633532840038705,0.928699851050647,-0.6802099853445776,-0.7627928962940941,1.4063668082956495,1.173424381797244,1.399966281120175,-0.10423797949803458,-1.2191858277651948,0.902135055131512,0
3.493521299728173,1.614647879986482,-2.9895423396087963,-0.9853964273734452,0.2178590205916009,-0.4642936146860748,-0.30676324211466877,-1.0165243621826023,-0.21610437118331924,0.8528972780189976,1
-1.7331091632583293,-1.1516905516413167,0.31902058589031557,-1.9311409072064947,0.2284004707204833,2.4478723485508684,-1.2205216923512359,-0.0809249532818035,0.7983864721014345,1.3723644820307757,0
-5.90472372936782,-1.2462718979022902,-0.2444162996345487,-1.8134626520967077,-1.0393768948199043,-2.3666495959233935,-5.141467477224638,0.3036042712837195,0.7145306910521688,0.8910583718464786,0
2.8849530747917114,-2.48252679982581,-1.2159835019850576,-0.7342980855106448,0.5922761920384081,0.5544117332134335,0.22979117763562923,0.04175097336784854,-2.8166108000172683,3.8889380615755185,1
1.6798398803932786,0.6341567787111223,1.8632186170249534,-1.5976004182632697,1.2543639525176866,1.1005048467908167,0.28527660980927644,-0.7231312980172583,0.2080550318240542,1.5083717938263326,0
2.9575529770970537,-0.17366890050560913,0.4109488231528933,-0.35071715492490285,0.9271847912157162,1.3909117019838106,1.402082181049064,-0.35127203711064553,-1.6199421316642872,1.3979835817548947,0
3.2664431089129544,0.4839724957632717,2.297798940681781,-0.6607956358113176,1.4594065665315403,-0.07130083923282426,1.118578681356622,0.19163196206738903,1.0580223881158126,1.8394826881326098,0
1.8903244167964268,-1.0537263859283574,-0.9208045167392569,-1.756655310284959,1.151122635298826,-2.117076180616122,-1.3660431078890336,-0.8013912702625892,-0.24913924623956143,4.177413847165869,1
2.7398206515204433,0.29564746967531175,1.7083707117960902,-1.86585132431442,2.883285085723325,-0.0051337568114049326,1.2527706123563966,-0.9441275564624203,-1.760262500580009,3.3644353979899626,1
0.5952378255588533,0.8303807552541094,1.0292504647289298,-0.1810089316277872,0.5935492970877595,3.8208164187476714,1.8380927933482298,0.43558791669183916,-0.19944371588805515,-1.3552721954850446,0
0.9664110360925787,-0.6928318548819552,2.0561916552634587,-0.15422168574534256,2.7537474524154977,6.293479585616368,4.789202069161587,1.1903363406093688,-0.2230698117907077,0.1473658899598108,0
-0.769793479216784,2.8567940046220768,0.2684396979141065,-1.9784532120456544,0.9939367258257711,6.533372818751815,1.6306870159790094,1.0858213192287456,-1.4104272038242296,-2.788163827639549,0
0.19915841389515543,1.7203531101037959,-0.6714545607402314,1.7341986356138932,-0.5107943644863044,1.8937403132033952,1.693529036010914,0.47255739938382246,1.222798635970556,-3.7473698927556414,1
-0.39876304281056085,-0.214430011720656,-0.401950696767599,-1.2269520952090804,0.18176375372377707,3.0195346888698102,-0.061223334931490306,-0.41234669342340735,0.03486241532916554,0.21376685765137213,0
1.8825944179005176,-1.7216911554841738,1.8150312138126488,-1.1285885188753686,2.4685926412778896,5.580843461597629,3.505994455286452,1.6735268417175928,0.1415321321496996,2.3388303323449886,0
2.7000858498744336,1.683482856866525,-1.0373920998786517,0.5448164164326832,0.12640207504966983,0.32164620573963043,1.1040144752673962,0.07541774261246036,0.8055938349951759,-1.0814992557288,0
2.0633686969315517,2.5281938618053648,0.7014921504018126,0.15669968324696337,0.3787962487613886,1.8204608099719926,1.546397269847396,-0.4267063677307888,-1.236662966685065,-2.0950536981721926,0
2.942460974187957,-1.0097235141888299,-1.665335551275588,-1.1877446609290443,0.6717991683675961,-2.1528740270475764,-1.0923544716896052,0.31978999455603274,1.1603481809669742,3.8559717329507555,0
-1.761533661218432,-1.314675851401915,1.3194975590026266,-0.003626897295316067,2.3128166830368517,1.2394479160263656,1.8033634365342335,-0.19544187379288433,0.6518648526930954,1.0011808007736354,1
-2.6093174395055723,-0.42504669386818106,-0.13241287796667944,-1.3231162926500095,0.11217569965862029,2.520969721878296,-0.8958094613761579,0.23424404203927096,-1.3308092618619995,-0.17309381834913798,0
2.3842224967957786,-1.1027173712778038,-1.259868534921502,-2.263961953807593,-0.07984219173546414,-1.8462981007570232,-2.698578811693485,-1.8719709055230525,-0.34477744535889615,4.290219714919045,0
-0.9963136617409223,-0.6745219853069822,-0.3238422092430977,0.32164451105006475,2.4007876949126308,2.3652067593649346,2.8421575019292673,0.9623165788801443,0.6068298722825746,0.10886274836708684,0
-0.9294669429503384,1.9164841997088389,-1.654137268802585,-3.6144504956318917,0.836588183575639,4.752517839432521,-0.7755855239031652,1.9072978364265534,-0.7468482589920851,-0.11130914552406625,0
-4.519814645469964,-1.118306535882483,1.46256386778699,-1.178086432209977,-0.13813340643534144,-2.303406545079816,-3.4532978656432944,-0.28164738225493074,-0.34658458161881917,1.0392341542720602,0
2.3769961308913707,-0.06199863283775264,0.9862659628954935,0.040681423762880975,-0.40824096589034853,0.9776916886877073,0.25783267674543614,0.059913237091261326,-0.08672224914150004,0.3871040221066582,1
2.9657603150120204,-1.9647151531146676,-0.2497593961024962,-1.3239458735789928,1.489433264963779,-1.1345369036430224,-0.1216938334573765,-1.6808950827464908,2.193602615610071,4.819852062253458,1
0.3272838867015377,0.192324711840137,2.069385820155758,-0.7280802513552616,0.4819049157316575,3.082321628192531,0.851223201737088,-0.5072155476055451,-0.6116015792028642,-0.22629930159300973,0
-0.4170367844424132,-2.2508597846277265,0.8460459775016519,-0.9513291172577936,2.6262695442559876,3.2972944836454037,2.3284178565019378,0.016120897460654492,-1.1920263419831856,2.6054006043197284,0
-4.408971494274885,-1.466299772286082,-0.005299307560800437,-2.4269686736469325,-0.9992670245394228,-0.5021329766767404,-4.565488226644516,0.9430514466067954,0.5958974585203659,1.5831474672959152,0
1.3394573180876908,1.773801115918713,0.2620232247964817,-1.3220317763870515,1.7970891185621722,4.5888755243787775,2.4755106264155278,-0.17898344139169084,-1.375225117962206,-0.7395163348062032,0
1.160982576047135,-0.2790906173297897,-0.10913669333734566,-0.6987618752405063,1.713996259884473,6.373494785255837,3.4889949010989243,0.4846907796184085,-0.2772031153416828,-0.09548473071895386,0
-1.5545260332311512,-2.030259258382937,3.198596351035479,-1.1087634193448193,2.261707520581245,3.5399431213633643,1.7425635267326773,-1.0553862213417338,0.12949365289609474,1.9297553181934626,0
1.8751885128828216,1.5370619054247499,-0.17042159137399815,-1.1121197628737858,1.0046412739981718,0.9030968070899309,0.5105580571430763,0.23053712782830446,2.0180773827178204,0.32594196757253224,0
-0.9840484035676775,-1.8319026209688651,0.11325593504595155,0.8326910578572644,4.446701929167777,3.6901743097414306,5.586738400237328,0.02999423869317595,1.098196118243411,1.0551964476729245,0
-1.6131080425813011,-2.007284102090644,1.609317810793909,-1.346132339739385,1.930720200105254,3.4265944046887644,1.1817656685595235,0.2905675855886578,0.37994955767279925,2.0042633540349737,0
4.63848843698242,0.19497709104098593,-0.4435850970376072,-0.14507379788110153,2.3540856344468644,0.6168362392231852,2.9220001989100615,-0.25056036861869124,0.4565023351677955,2.260951859277982,0
-0.18275993063383633,-0.17234928002094663,1.6550337306960616,-0.8729325575637318,1.1273829054107831,4.914565354131381,1.9305406531909735,-0.5914438195394393,0.0039612809245876,-0.28514597806344694,0
0.1288894264062127,0.5014255657368938,-0.3465821480585851,0.736345824038934,2.2335775222307523,-0.443053381445459,2.2124486757261352,0.5751078209897706,-0.1319776420317892,-0.08719306435803863,1
1.225620223263275,1.9137978232192774,-0.8905751378880007,-1.0800317268655568,0.6162878236604814,2.968380259257593,0.9394452823698859,-1.6052170156959435,0.560652519578775,-1.0505961159172867,0
1.888072813465799,-0.24184769248167726,1.0936031936975719,-0.8578179156058012,-0.6668606746404824,0.4853665728314971,-1.0753920916023643,-0.6775924297784516,0.31445082229065685,1.2011353392849569,1
1.795844065273283,0.9396504326844408,0.27514832801242994,0.3406233851552868,-1.2891773153171942,4.19177150259426,1.0162360736423395,-0.49057083488586584,-0.35845550683681077,-2.289539127928624,1
-1.199070533953494,-1.6932991884199746,0.6279261030998603,0.5351377497243819,3.9494233021958873,3.6964589463701567,4.849988354709267,1.7396652519704507,1.7001349103999372,0.9241237825967716,0
-1.335122273274795,-0.34105293893979516,0.3674001248088895,-1.727101100062273,-1.4465892591458265,-1.208493902865631,-3.9196647158503515,0.5575038210338372,-3.2160571992571363,1.1249740663509962,0
-0.5720630284738932,-0.5231771961227019,-2.300910327452912,-0.9786864352556353,0.6553028642364012,2.2989825158937993,0.22005426735741215,1.0078568974549134,1.6463292076954565,0.6126377755748206,0
2.121209158347688,2.069994203327553,-0.39064233460200215,0.7624440269763233,0.5863236368813267,1.8766958859458522,2.2590968426168963,-0.00480518632728754,0.44323809808521286,-2.1274721262738168,1
4.560383901846908,0.26221191453847525,2.621964001243022,-0.3156287043396193,-0.9637832694576428,2.420408754730241,0.5335704025907763,-0.06362683744736257,-0.4996133236214773,0.5272694514066146,1
-2.4324902235934935,-1.044425110620512,-0.13419828191479544,-1.6766649092427577,-0.13882681418807707,0.4000431103909251,-2.3187861442475937,0.6596522987772498,-0.7963744750895091,1.306688811447458,0
-0.8656802577527105,3.665126632910486,0.4571720231964766,-1.0588667664572136,0.6234141905216661,6.704282867347651,2.2087867877573677,-0.008362111124060725,-0.5776142178649032,-4.5216429535006935,1
-2.8456963905170696,-1.357300018991476,-1.8407472368115352,0.4822952769733777,2.8023556061971986,0.6741060509593657,2.1982228383062714,-1.3817702424835547,0.0635400505023367,0.5937442080105642,0
0.23070976332801957,0.1529933634433689,-2.082523862390434,-0.7044707701771339,0.8435686895765919,4.644599625338016,1.8217982970550022,1.060288640887317,-1.6278978465820517,-0.5944592506556156,0
1.0074293952421258,0.12847441201114584,1.966317802781473,-1.5253308929235323,-0.07986218734154793,4.785662973132794,0.5006731349008932,0.22011387330145232,-0.5450197282648013,0.02091062909269785,0
2.7381226294001957,1.0126671952545716,1.4696740528133914,-1.4897776643229508,0.8939649044858899,-0.7376125930907924,-0.4562288074691395,0.9860838914777112,0.2797480006999844,1.889335446942079,1
2.6276416208507394,2.4355631754252824,-1.1347653775307132,0.6461139772437351,-0.3003987048244866,-0.41487211181313133,0.5450753904517657,-2.9893930211632136,-0.05926802260034109,-1.7941058352601758,1
1.0579506134405197,-0.06700674343918256,1.2199954915025564,1.6234800213838276,-1.4909959560224975,2.7051133472035636,1.0991506816082646,1.2179271419745152,-0.24096058285591823,-2.3735698283341793,1
3.6054853832199973,1.4645869727156522,-0.3862421663612141,0.5916671513232645,1.4976151224245935,1.1581699432423918,2.896844948581939,-0.025347274750424368,-0.16228244716741405,-0.353911242200195,0
2.215255813776526,-0.4940636711123061,-0.13734863380420992,-1.8591747145649518,0.3364016642292075,0.2271010582059656,-1.1017059587937057,-0.6227475600019066,0.6321209472278112,2.8549558083401547,0
0.19445467332597255,-0.04219849484253202,-1.3632686045927405,-1.1899452954029903,-0.06309315977685981,2.5490213087981073,-0.306213565910764,-1.1364499386607045,0.5970725610113586,0.29387647142512496,0
-0.8490992218180051,-2.1248637360924243,2.543097435391216,-1.1907257363134385,2.0584163573574834,3.1515650139835154,1.469005773434002,-0.505344892200297,-1.0168839855478449,2.379256910635894,0
-2.0607608148414442,-0.8664227399673379,0.6631750457809489,-2.62840880061587,-1.3002411358678385,0.9299606108621509,-3.875500297346764,-0.6666286156786452,-0.4943056012863549,1.5017159749429676,1
-0.7177579269678609,2.6222015565024295,-2.205105601340891,-2.4971085243855287,0.9248061583002889,5.657510948564268,0.7477477249227428,-1.056224040668033,0.02725563236057936,-1.8704437483262852,0
-0.7397542118477602,-1.5711301510347764,-1.8191384804555089,-0.92198629428826,2.06827789442273,4.518462006576719,2.3440424900298598,-0.10899516071138146,0.6259704749887176,1.2757739644026278,0
0.21842466650229875,0.8081324092826032,-1.0594509142371695,-2.384381236020957,0.7982794301422881,3.7597080443449196,0.002751491103606656,-0.456104849749766,-0.07777270026441621,0.5182654024995638,0
6.4421953695690295,-1.5410463518152953,0.9394277502782525,0.5241682258359774,1.2949014184842271,-5.845885998391582,0.11585487471903892,0.14001448687561519,-1.1647993973691224,5.475030242536031,0
5.888407003540642,1.3235225913765205,-2.5958275701317373,-0.6133629057174774,-0.31715695055026305,-0.3737539261788194,0.05573293877041011,0.7534043708791854,-0.28429011055333836,1.4156328428144913,1
1.1993242835858637,-1.7397656092952958,1.8966738625864017,-0.4000466066390539,3.2271325208034454,5.146641424168367,4.493674383298562,0.7872729880011845,0.7015384583583996,1.903106834759721,1
-2.893789473009504,0.998946572689949,1.861998734273686,3.6600866566366097,-1.9182112065060863,3.9514766938630537,2.250233411323018,-0.5757777549240405,1.573599639232585,-7.01860900932487,1
2.6261833722588515,0.40307012277196996,1.194743146818232,2.07896991317864,-0.8845706639432802,2.2454871684590274,2.214093823211745,1.0425415920925094,-0.5108248188641186,-2.2580362166981796,1
-5.470358597305449,-2.588919919284626,1.5558213917363863,0.1840813165979871,2.8664767232503405,-2.770566613808624,-0.08027834137176906,-1.325498967995686,-0.06548753802161475,2.1022261128906274,0
6.130360979314951,-1.9890373378325386,0.726846608250263,0.20267139399299605,1.9989444391336613,-2.963860825494871,1.565752259619372,-0.5122951462609718,-0.7238037443516702,5.409517329363275,0
4.005751323309824,-3.668565776785968,2.3365839302043563,-0.8558556828398679,-2.0520846560625494,1.5764213182666102,-1.6792146750973271,1.1494092936662468,-0.5702531928280898,4.145838120048339,1
2.655106211621392,0.9750096418742659,1.3887169761810745,-0.5909586293473541,0.9997051542915274,0.8082180687389707,1.0405263224532453,0.00397495651718248,-1.2538048271000084,0.6826209333548504,0
-1.690414499253504,-2.1270179816485992,1.6994174390843662,-1.645836645289187,1.286299599755555,1.642901554496913,-0.4229727028627827,-0.08062880844981013,1.1635258596263263,2.652503585478851,0
2.1483313855855726,0.2564604746395027,-0.868761661591053,-1.2951366998916647,0.06455439867649948,-0.33733552738388684,-1.0473651793868122,1.1364705083670374,-3.582062607487511,1.7526968281685578,0
-3.9564731041062,-1.5692322408689723,2.201000751222124,-1.7507290748992084,-0.036288592619017734,-0.6845672026099434,-3.102430897615633,0.8056510328936717,-1.4015298469325184,1.6693842640095986,0
4.664920996222131,2.1452415919459664,-2.0025173321630887,0.2979707668625603,-0.31605078218927574,-1.9438043977822614,0.0007840895067529836,-1.4169364084756522,-0.8605697894225621,-0.04637099908905188,1
0.6511783054645728,1.077165927853782,-0.8784536815821671,-1.713477242705233,-0.4617820114176061,0.2998057869909415,-1.8710728617871906,0.44051960638091603,0.11867908406769122,0.45753864135590355,0
-4.58282562451388,-1.8636803072838592,1.5682848777549145,-1.225259511690337,0.6321452159857341,-1.7194815891655484,-2.630461685638393,0.06889361672285461,-0.8634572371883934,1.8263133208438762,0
0.7022964533544508,0.9503335133942935,-0.032152781738146285,-1.7609332104007525,0.3554125833793864,3.942283612712541,0.33500311699485047,2.0531401837412075,-0.27888363747316974,-0.19312327770195564,0
1.2744692768261936,2.1654263330023067,-0.44272855946613343,-0.38692290323133016,0.4925177447492881,2.663571240940346,1.3329045714670067,-1.9581754288830124,-0.3488031548729745,-1.8041241003689583,0
4.350302844838048,-1.896965586692149,1.8372818276087448,-1.2247180045026222,4.212771479626662,-2.0018399843116077,2.3454284949281723,0.06205134882299451,1.1520386983137296,6.447885953819919,1
7.363059880703934,2.616582374259708,1.4778259219054515,-1.3002496787179738,0.26782983714728603,1.7773596580304956,1.2870216155597944,-0.4475971905164135,-0.9950849678878427,0.931853974988405,1
1.3351437579135914,1.2056496034128474,0.9203083115752915,-1.7470795549124518,0.6842335959592412,2.2487026973635986,0.09159218393414995,3.089889607686385,0.5225100702105114,0.43883232561079377,0
2.308446103771075,2.6113491121443078,0.05441418819088595,0.25349636020524624,1.1977184037286257,2.0061218880006244,2.5005281351484605,-0.9762464514545354,-1.0055200145152972,-1.9177362496564012,0
3.4619875046893718,-0.7770702358139217,0.46798204674137944,-1.3104597729949603,0.87225479777298,-0.8251269110976005,-0.34040660430807973,1.04384544217267,1.2844370527773838,3.6029529448599935,0
-3.3796815318233224,-0.5793691003590163,1.1550988333472527,-0.5548518862687508,0.9214696713634002,1.1665596944259642,-0.23897293637951578,0.9358688292198426,0.9679737442743352,-0.24921956437012446,0
5.464628768535455,3.051645832641938,0.567309853489553,-0.03803801486284941,0.6701662585346417,0.8193991775125031,1.9793654841107196,-0.651910035385637,-0.9645679324291752,-0.7673409292171246,1
-1.797443758257924,-1.6233944999008094,0.7630791868099203,-2.7909233144846457,-0.6752546694528245,1.5412415570763314,-3.2039985670154527,0.0877150093177639,-0.7731909684866285,2.4515307000675,0
-1.7035304722773494,-1.8929203888366817,-0.5234666083106958,-0.19113363779508052,3.1153682707649373,2.596677342913368,2.8927201838308263,-2.050799855994148,1.1168681622707382,1.575995386657126,0
2.102041800464847,1.8673334849986905,1.5147180031595617,-0.37050312502905103,0.5663504347840895,2.0768335522762302,1.3213232427224055,0.39164023988893254,2.2123906375910085,-1.0502990963461907,0
0.5585920161327096,0.24950234765078938,-0.9985093488397845,-2.59600596917158,0.7471998977020158,1.9385773954447063,-0.9540461963087888,1.3686296220971284,0.2560798786660208,1.8618248867583942,0
-0.013308949694251337,-0.9274542524972192,1.365789975781592,-2.0261342410363614,0.1332085027803278,3.7247728586402475,-0.47885737010443186,0.13378906286510542,0.7533844599846924,1.4349703057423535,0
1.0402125191917042,0.06324269425030526,0.8349535093283083,-0.8566530319716571,0.8997202947369102,5.657475021032857,2.3243679935133734,1.0009326791956685,-0.07550997256680743,-0.3888073850678841,0
-1.1904793071721531,-2.906367718310828,1.433797015905791,-0.4150954868372082,3.458640622135891,1.6651333237225754,2.6503435261054142,-0.3602768468769759,0.34857074429507295,3.2676563519627866,0
1.3059225915156056,0.9666178090486458,0.3268695481963813,0.6707549821435927,-0.9585157955564776,1.8071594129386623,0.5081856295573112,-1.0344713570175377,-1.6541764402276586,-1.9105026128910345,1
-0.44755554487288873,-0.9624496360894316,0.36663111364480677,-0.4513969732190628,3.3717999377692878,-3.0254049841820683,0.8976288983340751,-0.4648233551271014,0.29723427249751627,3.2523099420221397,1
1.9997256441651146,0.1991581547299084,3.351681096901411,2.763136578673395,-1.2220254949704985,1.0369522150876054,1.8557340391987052,-1.7328736516456296,-1.9640321579709097,-2.638639668746711,1
0.2091975236849432,-0.45681157095133706,0.3268859927003218,0.3324553596957547,1.8597634191322177,1.485133406402972,2.270924287400998,0.40391558131571953,0.646668746583331,0.40491196793573875,0
1.203880572005191,1.9460159031055906,2.7325920165371427,-1.0659283239842967,0.8223054544469554,2.56412940005537,0.9666029822466252,0.3980947793532806,0.6122400149069139,-0.8973819956470569,0
-2.9996961628656407,-1.6320885786260733,0.542642395567578,-1.0220785633490093,1.1007116192733584,-0.8156023650368227,-1.307076897159221,-0.25998392525270525,1.3963475039118443,1.9029250197800638,0
1.0819237345132358,-0.8804948580785155,-0.010768067066765474,-0.11378433003202515,2.959169211078044,5.689076666639323,4.767704952455952,-0.044005544941825944,0.9585319612986151,0.5839201682541599,0
2.510145279721782,-2.6021432130937017,0.724709460411628,-0.9283078629942163,0.17892543708520225,-1.253553814542117,-1.1485184164605904,0.8648492232989141,-0.34481513066729513,4.4341466015682505,1
2.142829512298638,-0.5252458241392609,-0.9998429383721503,-1.7564429226493656,-0.8720843668418503,-0.2814413419823161,-2.326063955495674,-0.3416466956483962,1.0859828944453254,2.476228044276004,1
1.162961730618111,3.670451819100538,0.27327157006485425,-0.38808105939650694,1.7741676114670435,7.305843588509107,4.501426107946309,0.6866281919461598,-1.0731785094754698,-4.139829311120078,0
0.11858900359536384,0.5267728755220424,2.898581773218033,-2.857109741911862,-0.12657744894471268,1.446656151008017,-2.2408013068544954,-0.39719096651343244,-1.9297802318050268,1.510187378429529,0
-0.7628198279585539,0.1299744652932021,0.5288089520055373,-3.621313741208615,0.09298149825807955,2.714409694073691,-2.3965034411699673,0.8624022887588952,-0.6211380888123978,1.896045259258354,0
3.812093996059066,1.6606516796088857,-0.055648902115659205,0.13580327438068607,0.14046374174241683,1.047951420886178,1.2956594352595436,-0.5641148006115946,-1.13156260654633,-0.534372757234606,1
1.9970491442755365,1.7440756149560341,1.3496375419816486,-0.2563200310157695,1.3161752475924495,3.218578476251582,2.5361142076198226,1.2958270717726919,0.10934057634090907,-1.15008310788717,0
1.6078420736269736,1.6027631672079858,2.6062489101505943,-1.005670806090443,1.4322144083266217,3.8426420555025507,2.156207991983115,-0.8814249061673531,0.6502223934069432,-0.6688371869139279,0
-0.2719510331682675,1.1068423678162582,-2.357995678676403,-2.8333256880309023,0.03850076023217275,2.6780116274378254,-1.5986390778824233,-0.7026577451166509,-0.4147023867269672,0.5158377626433658,0
7.484656371562005,1.1660583266411944,1.0054014952160781,-3.0967098539358506,0.5055314865104172,-0.4208545940027927,-1.0569423669352025,1.2571027806551944,-1.3370751078878382,4.576250107903401,1
-2.4169165778877977,-1.309264003264352,1.4656630714068983,-1.4662277333498486,-0.07332906363597425,-1.5178586033370873,-2.89071670983411,-0.3700632845051798,0.12470690303046499,1.9845184890056942,0
-3.6851253490598737,-0.7337875906914537,2.0213822856728862,-1.090498666710123,-0.06898476951336541,-0.6477265449379586,-2.4225135338788295,0.8873823641411338,-1.1314056101350374,0.4321703580707766,1
2.297044153554719,1.4568059529581974,0.5505846543820627,-0.7813399903038962,1.3516816581287725,2.683359081085734,1.931238865606914,0.7723145844407059,-0.13552626897887088,-0.1583991384560752,0
-1.6649034797200786,-1.1035116299832057,1.8623331898939255,-1.7843244606269943,0.011686716110671957,0.8543374323766343,-1.9313319088075809,1.6004950658110577,0.07964268989389676,1.6398176962961084,0
3.3092816797258937,-1.0404934810462323,0.9332974205295296,-1.6385995267488511,0.54743920361829,-1.7815133104231133,-1.3662213327077217,0.461230493586657,-0.7490792166512826,4.239709471041453,1
2.1591556915909793,0.9676833475121509,1.894610337216736,2.2973746571968716,-1.483385140859855,0.6945395340642545,1.1668005208173884,-0.40197097205696275,-0.49102969807798746,-2.8567873057699917,1
3.4408229825865186,1.1894160830742182,-1.3180849775898427,0.7301850315147476,0.9808679320574624,0.8069022054389363,2.35173043644963,1.5798297187236194,0.5825450545031773,-0.3703449929338816,0
3.9349902680844977,0.582608915043678,0.2765790576504189,0.47317656805937314,1.8037125227147917,1.9663253151142346,3.406501576734811,0.122732161638273,-1.084243753611709,0.5131902935749213,0
-3.499444408102047,-1.3142853606594662,1.4055562326839413,-1.6653376310557126,-0.13560753466383257,-1.2368067685276436,-3.2311028505177593,-1.1212013268388503,-0.33578174195413085,1.6654558210479642,0
0.9789730018761796,-0.7092783560961042,-1.5036349937600226,-2.4957333753846056,-0.508812959908137,-0.024053162603030365,-2.7940001914379886,-1.6278859389552167,0.6473326855134786,2.9171354491777035,0
1.8035959765303435,0.6815178699341004,-0.7186977755230677,-1.4180071330554642,0.9131815379584405,2.389621449539546,0.6999650556705661,0.06225985632933222,0.19674232376570605,0.8302842942124501,0
0.08930302824118408,-0.04543900749676488,-0.6203915400582924,-1.2089219519885774,-0.36678290705102623,0.914932363051943,-1.2962820863579905,-0.8244853056535114,-1.1351045212157118,0.6680616282302891,0
1.9864505113956255,0.41272489069879914,-0.6308372928320374,-1.3375052204065216,0.3787721625440028,-0.1426701827332848,-0.743443969840949,0.9877351010253084,0.4514695865637963,1.649376757317094,0
2.457819410759543,0.6412254938848095,-0.17105987476182305,-0.9857174680629359,1.4561235949061029,2.4005754131445816,1.70181193464225,1.3854863405180886,0.008588138508182646,0.9258453318414744,1
0.4686292577052583,-1.0866851236365853,2.014933245060621,-0.5677736974873537,2.0784877016809937,3.6554581714099013,2.593711941209421,-0.24195152465778313,-0.6383032414308838,1.2405741369609942,0
0.1566727435657299,2.6288244150551856,-0.31520966088031477,-1.7681795560286013,1.242495884462358,5.5216256058981195,1.7938868211112546,0.13999374263643455,0.2853993767216869,-2.031605540597392,1
2.223269498636813,1.6116318277257637,3.6106680242049256,-0.8348540039799519,1.4921409517333855,2.834818249927479,2.070025230208538,-1.0798061676931627,0.8611845377637809,-0.2708849108294268,0
2.630765039877945,0.28856436747841085,1.7393741340092352,-1.3603116018066412,1.5822842784072135,1.1609962584123759,0.984631426753773,0.38934239421973693,-0.5828867213760348,2.0529377904606223,0
-0.20720783135027698,-0.9429552276527002,0.01265777803966256,-1.653257877435248,1.3140063333191994,6.929817901606524,2.193685187404339,0.16924540481896463,0.8336373968036918,0.5078777155073915,0
-1.7445120683150455,-1.1898703789662135,1.2909645400993452,-1.531769402676697,0.4663325710527293,1.6889128293346856,-0.9807766203919165,-0.16046355181704455,0.13894280970401568,1.3825251924340463,0
4.82596565855114,1.0983494754774865,-1.8805506422889873,1.363670682136199,2.0783573896667153,0.20777207171361534,3.9226797348632703,0.6588139748838979,-0.7051820240254287,0.25221009468137184,0
1.880282250429696,-1.9275461212834144,0.7782365004777352,-1.5497306230219474,1.621534380524864,-1.7777612839631862,-0.6920094670503247,-0.36246763975942536,-0.2945776404999956,4.843329538133775,1
3.641871085760144,2.1127057981616044,-1.6391705757146569,1.9419745393344656,-0.9176431574444727,0.7219038675064462,1.7770116092418728,0.457040065596367,0.4029445735036032,-2.841119803790779,1
0.23106976991088368,-0.6096296077539528,0.8702139772712789,-1.995066829517134,-0.7525616858199187,1.7175983118627602,-2.004796912548471,-0.4996135932227324,-0.09387455497335931,1.503530455729243,0
1.9706389304017473,3.009857474788436,2.4811251917392405,-0.01257948870246628,1.5858564391681496,3.582258134705252,3.23173333982367,-2.5467321117621853,-0.40600066390849227,-2.5065507680342947,0
-2.159213743820052,-2.370526290329797,-0.6893973249098202,-1.7346904812900994,1.908527041350225,4.3071925273070635,1.0475490536898502,0.10131028322125178,0.44339795063605675,2.1864759185067855,0
-0.9485136896349837,-0.4794343256167336,-1.7884268924473745,-0.0823158108471086,2.011221222054829,3.5605726155813313,2.663187370279875,1.1541362365280234,0.6372914550139895,-0.2153690085802494,0
1.3127599998835375,1.697528902175395,-0.7442613383230263,-1.0384941746127863,0.3014367211066823,2.073436420567083,0.32310173538322906,-0.050463047402838246,0.6103736997252851,-0.7034049768064615,0
-3.179369744052292,-2.118252785505879,1.8796227184856398,-1.1704985560219872,1.3975795876601929,0.10726038721085207,-0.8611038216898814,-0.11922435626590437,0.08270000363857032,2.224005689438914,0
1.6823675554427755,2.322242753495058,1.4630382523029795,-0.007816344503505657,0.9338073229117682,4.174021701741401,2.7832183758550326,-0.2850308482748619,0.38427883498595106,-2.427230937352689,0
1.3926560109880208,-0.15135877979652834,-0.9316855189791293,0.3099062582241956,2.901297429710234,6.609106142345437,5.586659842422684,-0.32074638863455823,0.011925980771476226,-0.6241188555917946,0
-2.3024588432819373,-1.2292843878315496,0.2372543963315647,-1.9339342863803153,0.1207748890617536,1.8995200338208462,-1.6730941841151008,-0.09189562541568821,-1.0254636745111536,1.37110317986708,0
-5.596251809072386,-1.4520974579529922,-0.6567024508504418,-1.2416168474949323,-0.060567837024951166,-2.8065240124211988,-3.8999101163450014,-0.006048518639085177,-1.499867639262517,1.1928214587733925,0
-0.21233286641551163,3.656256642217237,-0.1847459477025426,-0.2972338184849357,0.5946574587904938,6.486496600845239,2.8905975568509517,-0.8753603610847972,-0.724768458245474,-4.879242831816056,0
1.8401298441654865,1.0857411623249047,-0.13949022230239072,-0.5226502493423995,0.18893966566214382,4.5193184431324465,1.750078428635237,2.0877459858751446,-0.574590030688042,-1.2134332884306773,0
2.7679034419141204,0.84028428916119,0.812995224874872,-0.11109531504246406,0.10861769771340857,2.642045362957416,1.432305846366376,0.049324836699559206,0.6034810103015367,-0.4684622639878172,1
1.6226465635517848,0.4131619704564753,2.8634068387336002,-0.43201797850327417,0.8116502437486224,4.423843591674186,2.2509560985941306,1.3241852371455578,-1.5462779189814124,-0.5091123908311852,0
-3.45194484048778,-1.9585919323703211,1.7313843186645639,-1.5515510212715145,1.030959583172638,1.0171035905018533,-1.1883381794610184,1.738397194049411,-0.9772376887147608,1.8946703072599036,0
3.3429439890766686,2.231896668012447,1.8665409634998913,2.1240455814464796,1.0310286636054187,2.4484111262417656,4.347283027982897,0.03647217665420908,0.42108499021980617,-3.0183506295945746,0
2.8136443381310863,0.8053134166036262,2.1812726654717127,-0.9884497858190286,1.2783154794387006,0.9395445911208657,1.0205415500710493,1.2243816701175614,0.8227173745004389,1.2943144278526286,0
-1.6073168085388096,-1.0638043094339917,-1.4173939438863628,-0.9013357005131377,1.0669702644434065,1.2768902783528016,-0.027000741227930482,0.8949874360948072,0.2704081342080487,1.1286336386915288,0
-4.3359962534087915,-2.6635174599810982,-0.4900422233661146,-1.772420428617599,1.0970732293168681,-0.2793714493577024,-2.0990615364801646,0.5494295074357635,-1.2290179365531857,2.822861515212706,0
3.0906506206626343,1.3085304134603704,-1.2118543252670917,-0.49505406198404245,-0.4135009186528287,2.844731314197434,0.8182041470868915,1.550630593257668,0.5140481406864676,-0.6974714777967895,1
0.3130618461908815,0.17222749543491012,-0.08087404896842854,-2.6469185616740614,-0.3474530259929367,1.161080839159125,-2.3612664891212214,0.26669978950207235,0.7589443197586707,1.7201225805053237,0
-3.509397553776795,-2.2737587497851823,0.2735950747340108,-2.4092228522465313,0.33427603848639287,1.5532205941590806,-2.3716694041005426,0.03649993182615992,-0.42207188508969595,2.466094305987734,0
-0.1595389779675619,1.193768853049701,-1.7131171016410343,-2.791434701117709,1.3167503671234537,4.759244496771965,0.47966990065907744,-0.3771178736934479,-0.5104422067665509,0.27455517424320053,0
-3.0358215627195904,-1.345627686635706,1.449752904974078,-2.190834198820694,-1.0939995754237715,-1.8476476724935038,-4.705928560369819,0.21559968370586682,0.08369939861550929,2.1415440487411863,0
2.272208275300059,-0.544182180258934,-0.10357404628650313,-2.2175650567751726,0.842011396755949,0.9586679719774618,-0.6470027898334383,-2.2287882660262497,1.0931229758819565,3.189499441287418,0
2.6275557038670914,1.1157995908878129,2.4124660730312275,-0.4279096724811815,0.517412710128533,1.5042198513670348,1.043140151539148,0.35502561793492887,0.40795690975064797,0.012838840607326983,0
4.832134704111348,0.25341421249744644,0.12062484092102121,0.9438375498678209,1.5117003640479725,-1.0888248795363626,2.4480348769008944,-0.8232960692577094,0.8267029743814808,1.5564792627477493,0
1.244927433695989,1.6916757767040118,-1.3686136753505054,-1.073190055218948,0.1777219727368985,1.0937733701493735,-0.23963459919958274,1.9499750409961005,1.2932994952412589,-0.43555298158311867,0
0.7220789345805331,-1.3082542945041755,-0.6561811045604147,-1.011218826821598,2.470149334770664,7.004042350879961,3.987430493735401,0.06926988117587513,0.6330367262505261,1.0186465823008055,0
-0.517615342233859,-0.6208386193326627,1.2588097733043762,0.25226119938865765,2.512817983018084,3.4243726941504047,3.4272500213238914,-0.610867778207135,-0.05433647974870458,0.0048460508044286905,0
-1.2367843416049964,-1.1622587447600885,0.5562848923897895,-0.37981559771281126,1.6675093572456627,1.0521396482143563,0.941937102940548,0.7526995710756373,-0.19155715846824467,1.19286149448364,0
4.037063146958348,-4.466020310266901,1.6328644984858585,0.5739227588282176,3.25878126893375,-0.4435920717277203,3.4357672405744903,2.3402964980453067,-0.5174865483256956,6.23942290391544,1
3.11570252810641,0.3249839764518674,-1.7905615912306856,0.08669440799936434,0.5507634152305034,-0.27100897785878075,0.8250646046501539,-0.675087578960491,-0.5469860834554389,1.0088986052848605,0
-1.671812644006753,-2.4134821444880945,0.8795127300166878,-1.5529884205995874,1.738967377597135,1.9070149579165003,0.15569172482566832,-0.056014671833671356,1.6341410088854915,2.9209018592532683,0
6.108042315030596,1.4465813633519187,-0.04615933208381873,-0.7677617954763845,-0.8516285310972935,1.104337919195976,0.11144408792305227,-0.651807378073709,0.5332736027835934,0.8607615275747815,1
1.29507062784916,0.3932123517349895,0.08011318651698912,2.0571542225533808,-1.6242785350635192,0.7078587866755492,0.6115663836280051,-0.23595548602317848,0.17777813858498556,-2.5030203913568907,1
0.14118248482259693,0.3306128886978108,3.4722864006240037,-0.621361765083799,-0.2702438746596043,0.3758306688467309,-0.8838751317982904,-1.2235671854750108,0.5622390597582658,0.050073229118517935,0
3.2766255278865093,-0.40919394124176534,-0.08638458928711024,-0.5929876551719491,1.583823021569131,1.0345633615078587,1.682413973513194,0.8731831407786059,-0.27460232652043887,2.283428453143587,0
1.6144576606729588,0.09663674802026967,1.1232127272593735,-2.0445952029216823,0.9622142291715411,1.3575245217867493,-0.31298633125099695,-1.8688030582824706,1.3091366419632775,2.1588605095378886,0
3.057851411960169,0.5139247914270502,0.43962065236875764,-0.3426721124926366,1.5314455111442782,1.7623668531316774,2.179245954422935,0.6694161911868851,0.9813839922750334,0.9252446743605129,0
6.762828809672837,1.308362094250413,2.2931790676294703,-2.8607575264125638,0.3913600141464624,0.14328692106138685,-0.8614844384136128,-3.254478941297708,-1.7984139213578147,3.7737315931039244,1
2.124553783166749,0.5396071422360644,1.42116945079716,-1.765862302174281,1.358686355203346,0.5358798397683853,0.08481809420070721,1.223931818468504,-0.6852505475370957,2.108355293668953,0
0.7272328364337017,-1.0802089491131437,0.2866273570403214,-1.4171861959651275,1.473983505997571,5.38501030727083,2.0869921154662205,-1.0902350801857508,-2.1293270511692226,1.2963294046272509,0
-0.7138798752373234,-1.3988737846090578,0.6906028600393332,-1.6822624564317596,0.35524869794361835,1.1867366067140381,-1.2185528367253553,0.7407563785031073,2.4609962258425813,2.177624685527902,0
1.9204275432443512,0.06007503109821477,-3.7484774777038803,-1.6723875264091972,0.5932258983693165,1.0096496331455258,-0.4039009788221889,0.021729490989722763,0.02846344841915499,1.9506021106045544,1
5.579355698987967,-1.271841924705207,-1.5432923370739795,-2.094522182242727,1.9059771257461526,-0.7158363645140395,0.360407147986077,-0.06362640381960291,-0.6887241565242733,5.8192592656950595,1
1.4691280411433154,0.011864590216369097,1.2352722762361121,-2.173845598435145,0.725049940299656,1.7356675240004726,-0.5180897420652818,-0.055733939893613596,0.11544263616427654,2.0884314366552728,0
1.9872134674516695,1.6072726679591254,-0.5033140516645196,-0.5537644087910023,1.198034547165307,3.653264545480611,2.339890361818449,0.9118317785133704,-0.30087204539152507,-0.9548504087741162,1
-0.9135429947504103,-1.4078659946282557,1.55594870769294,0.21939197253395992,3.023702107446645,3.0290164343092454,3.5497036925021788,1.6527489558168793,-0.20210159393183622,0.9047716627752133,0
0.3609191502071707,-0.2326398454425065,1.2256682510041668,0.5198999902694879,-0.969957783806657,3.6375578212228916,0.8366543383003586,0.06812285014065171,-0.2224781332998583,-1.6204074134479036,1
1.8182905971031544,2.208717833909815,0.7751698643272028,-1.0232341267990293,1.4832688539340015,3.2390370313421553,2.026637138539391,-0.39063653075135196,2.8334956118942727,-0.9121992570789368,0
3.475336577254094,-0.06872983499056207,-0.12640895165781796,-0.30051235030707746,1.023027649132663,0.20136148853250024,1.1547300905899363,0.44162864841891597,0.11072343418649651,1.8489892372083194,0
1.9500027180020114,-0.1502039886995663,1.9995722048981608,-1.8829894537301046,0.053723279259836554,0.4616692268488376,-1.3083378570597983,-1.2039381307977697,-0.25197318715848965,2.2976690625299567,0
0.5964834680946407,-1.881706900668791,0.8615003800958685,-1.3556602779656102,1.555376148385496,2.916871241839445,1.099825200509852,0.7302838193069643,1.0699134354109718,2.7034228100968156,0
2.1876505818915115,1.1781238410530122,1.2402740528043177,0.7908798796771749,-0.614277771101948,2.5205299269851977,1.4195150890495365,1.3573246619264427,0.9660407980573626,-1.9811386216962694,1
-1.8009113052902235,-1.4548255307752773,0.12192631304771606,-2.2948330477062955,-0.51691129225795,0.2851571082709192,-3.1407483991128267,0.5375171269731426,-0.8211597081953365,2.321704675722568,0
-0.3386503185177524,-1.0658738265776921,-0.9318239662367169,-1.3430121456933226,0.4238674341932712,0.11334090032084942,-1.2038266882406536,1.3244826258410705,-0.8183374833362532,2.080877693338186,0
0.7125861579805902,-0.33080150118592355,1.581679281313779,-0.21733007603004384,1.389086692247544,2.320143397123083,1.8335941784183094,0.9641787733834252,-1.9730149999848399,0.510413832434549,0
-1.4698281070588686,-1.7590015055807346,-0.14622640358229377,-2.238266924250622,0.24602925035658185,1.9826598088934329,-1.6553568845476099,0.10748571833141884,2.5656515748356306,2.4201626109700993,0
-3.7381686296739023,-0.9463833619331213,-0.3324990821713154,-0.7025945215894107,0.7620209256314929,-0.2937071568432559,-1.2202518868597099,-0.8326711530189439,-1.194537507036252,0.4690171486820949,0
2.6779513877709133,0.33882447915972835,2.0113710241440996,-0.9335217112458756,0.40032086991403404,-0.8886828817260892,-0.5432322931134147,1.3380271627819205,-0.4822722102015164,1.8524294557279202,0
3.042030935652048,-0.5665809743212864,1.7687767767035054,-1.581473023104428,1.1630088761720203,7.224289587165634,2.955742096086237,0.9012067804923078,0.3744412244518318,1.1181680583481226,0
0.7170679976301451,-2.4555848194659418,1.0562453140043138,0.8260902188998662,1.4857217036255372,-0.5773283253999075,1.4617506922039103,0.7840560382503569,-0.9824881228992798,2.437408148521448,1
1.8215864339114214,-0.40882876030930637,1.055897620970317,-1.9689585755307744,0.7635377419018796,-2.125710403589708,-1.867118786608314,-0.26041953315253874,-0.9556381846942431,3.620273101270341,1
-1.9146842718577401,0.05723410964866216,-0.6268833905420106,-2.104517604713321,-1.4492507765595883,2.000156003092928,-3.0088520094359477,-0.8396916603612474,-0.41504460043763486,-0.10420563583138319,1
3.0362456392905517,2.5424566634759675,-1.5781140877271942,1.5638321226178324,-0.30077894043141684,2.838702212164933,2.7867458447601017,2.098732354050425,0.14115541469119494,-3.5386583131648535,1
-1.2108159502232323,0.08762707852738649,2.1095314922054333,-2.023976454497897,-0.983877742125383,3.6879117908799803,-1.6697705900743918,0.057351269979681666,2.2182669931208663,-0.29921131090890724,0
3.418968760380513,-1.1696388014973038,-0.08452096344933335,-1.1959728525546949,2.251516520900766,6.910993030971535,4.170701895016236,1.8968891561650707,0.12404180777202146,1.9592299699632734,1
1.1218821205728764,-0.030903649026520652,1.9469026359555406,-2.4254879363503434,-0.32719950804388476,0.18344073238837044,-2.402022723159075,0.19300819033204694,-0.06697235972252169,2.307709968626016,0
2.5987537079465532,-0.5626113340696408,-0.6715134153222762,-1.9545665392467506,0.3895333555437057,-2.353760829606742,-2.1330847238743353,0.6725196983410208,0.2921972948833408,3.951998372803081,0
-0.7776201813806103,-0.6404479408097439,1.1119956908746453,-0.620676907234496,1.1196494264226666,2.0649655230662836,0.7982031089802618,0.4008231637352854,1.1683646329483,0.5816255685637934,0
2.340453725564619,2.145327919452646,-0.3490218741051574,0.016214121161880257,0.9258809212013617,2.312033133729056,2.1488069859173082,0.3160681424016309,-0.34458653573463344,-1.4839264399448961,0
1.3739804268792433,-0.4026057145127062,2.7687960534538263,-0.05995684141237678,-1.3820361737564646,2.701106171331341,-0.22507839637222216,-0.13926870666758576,0.6572011012960537,-0.475199080660299,1
0.590889203986665,-0.4807101791106778,2.704520895805575,-0.7411287702609821,1.3833992774461126,4.8563656493836875,2.390001191359853,0.05157908952637019,-1.1225480905044163,0.2639011871491773,0
2.0244505067889857,0.877294957544811,0.46027455756675706,-1.3620716111166087,1.229364923733069,1.7516664254643006,0.8288243418823579,-1.2447668741691826,0.7548991665498829,1.0015522224458915,0
1.2486338730813444,-0.5642494706981328,2.8968587902946124,-0.550621585264677,1.2462655048897975,2.2972764576336746,1.501678250409632,-1.251606656972313,-0.825800250087814,1.1485644389708878,0
2.2566813595940363,1.233295629880636,2.4581036393977493,3.3739087381853166,-1.1004385833358925,2.297471584810154,3.1514967140928096,-0.6960201616009518,0.5681840033403978,-4.336204826296188,1
3.863120396138059,0.4782236563625808,0.34754622840642097,0.7058730023527975,2.02650479623592,3.441194380449724,4.397872521405312,-0.7270995401759647,1.0530000272987412,0.00741757890105005,0
-4.469806403936604,-0.8389185273267034,1.3892183522514308,-1.9335218246123664,-1.5170053076396703,-2.5627299499557337,-5.4225758863941405,0.07701399598375847,0.05236289720326249,1.024392255953219,0
0.4331539734060762,1.0907399370516497,1.3018154201842855,-2.2716185422035178,0.6164404705464234,3.4922261301494144,-0.10689171674214981,-0.3413098462098483,-1.0935322864596726,0.2614011139915379,0
-3.89634247397618,-1.8389670074187658,1.4751333621224667,-0.7016613737143742,2.1181099016501967,2.3181976118126983,0.981086562544747,-0.18491271887619062,1.6527497035142258,0.9027271527795637,0
0.6202864695494744,-1.420798636750427,-1.343117883628283,-0.41483523161816016,2.0769252475588162,1.5483430673141756,1.8564762469697185,0.16238318513304686,-1.4052818872548896,2.1112815342573215,0
2.503544652610131,-0.18650939914147213,-0.43110061990383475,-0.27070740190226794,2.1936040759930706,6.449537063960256,4.612442722073594,-0.35268489899558153,-0.18810287554505153,0.08630343147569035,0
-1.6463829426414733,-1.4786122014338186,1.630540849331016,-0.9544209050880761,1.1262332224089204,0.5314704604064523,-0.36930585640718727,-1.7305061086190905,0.10312183410805609,1.7818281973552934,0
-3.98525082453269,-1.337484298230089,-1.1617792293347664,-1.246604010405867,0.4720607306567639,-0.6576311772077204,-2.185737834021852,-0.5968291881157131,0.5349706723637695,1.2009505467031332,0
2.363929738294055,2.3591856177366344,-1.637766646751058,-0.8508981319464344,0.3563889975102228,3.1431479506605777,1.2513321395550598,0.624287956648842,0.5064207749970311,-1.3900001780756157,1
1.409128868503573,-0.1635032475831787,-0.23476291300960894,-1.220300783540397,0.7291980671955864,5.267282293490931,1.7540040851778698,0.4768135950246047,0.08134888334676436,0.3133951706308877,0
1.5232604485689474,0.0345783220956718,1.4280887571566987,-2.2129350727781008,0.7978458657361711,1.0299561529059373,-0.7666231330207383,0.5117789786504942,-0.40666844187691986,2.366379825535381,0
4.541353048958106,-0.3683447144628631,0.29842839772990626,0.5103417840119253,0.622186539969295,-2.44565623256494,0.601202837885045,0.9050665483595475,0.30559812717284496,2.4670264622369737,0
-2.5559029116568004,-1.0278373475838594,1.3344635180547386,-1.6312210043210076,0.3391026363162002,2.4028889348594094,-1.0433257830505354,-1.6297331652461955,0.456121658752389,0.7675336282299123,0
-2.3414827068921085,-1.2508536745729186,-1.2835330888389764,0.2766521191206459,2.1454610039051003,-0.4844867162131563,1.0632483448104373,-0.16683791140476076,0.426046487244996,0.9686083119460241,0
2.653253685485187,3.5160932363897133,0.17347151074830702,2.0426901882290576,1.3290249749373173,5.126525482282107,5.608986586087451,0.3198097102399178,0.36176199210385035,-5.052771069606856,0
-2.2659068477986137,-1.26985267778009,-1.3743338541092203,-0.5360324782223401,0.9932394716219273,-1.985447023862024,-1.285290596175112,0.9742622630864519,0.6212544539551925,1.74572423628559,0
-3.0151901471138003,-1.6181337839521577,-1.860444356562696,-0.7540595910768,1.565136346120539,1.0404711166827354,0.11104586785382295,0.17454305995310235,-0.2682981770580552,1.2536334243244056,1
4.494565476728565,-1.265577171653201,-0.0009183944580437586,-0.5678801003071783,0.8061986335317128,-2.9951995599289605,-0.4760781200582829,0.2128198468830529,0.7160457490404942,4.412829942530015,0
3.559105584621818,-0.6666931279534931,1.5044339485704261,-0.7942591521973692,0.4601241555531118,-2.7432112408064655,-1.0299198571338737,-1.4561120964789682,-0.31861624222723955,3.535741142403997,0
-1.1269047018836242,-0.33890715136526395,0.9400153128908438,-1.772800934161396,-0.06837240219610274,4.358120784720785,-0.3665119050955655,-0.42306060102577947,-0.8638659663957002,0.02762148281009184,0
-0.30076893078270583,2.3195760999562696,0.6890934920051077,-1.93258808909086,0.6149789054100258,4.739994959870263,0.6434054086664609,0.2855558895403972,-0.6163654291823402,-1.7696556670813481,0
1.705179232470922,-0.057844631904415134,-2.072927826179499,-0.05193300591566141,2.1882543617798067,5.891325572503863,4.407407041442619,0.20112345870152593,-0.6957191244670855,-0.3289012250270929,0
5.954512899282392,2.4744485305551294,-0.8540328907331092,3.31112891952983,2.7427040098521616,2.386680972417203,7.456969913096969,-0.20931661662150006,-2.2694978644974095,-2.670026744089165,0
2.89233701227451,1.2367249510695149,-0.7600900533127091,-0.6562363972179681,1.9922819582179323,4.3124333215593955,3.3999517304321505,-1.2254884792188265,1.4063704050164938,-0.12413190232056241,0
1.6439886915564776,1.0600746055173962,1.6400344136615508,-1.7409375136691585,1.0414324054322615,-0.20778357344782983,-0.5486665526323057,0.061156459935711685,0.7243545112656794,1.5653571828804325,0
2.146866423238401,-0.06132484590050735,0.7701582011981224,-1.434610217718435,1.1229912589021973,0.4244331455618495,0.0734116260744525,-1.1010330858836441,0.6245823093172438,2.312909559976461,0
-2.9173630639190375,-1.3868236848856375,0.0047454980885883735,-0.25305713674804087,2.0464383638788735,1.8843806280016675,1.3666599456914597,1.686596136022188,1.7141834666243372,0.5705006251581832,0
-3.0719115026676707,-1.156532446853368,-0.3592337853706611,-1.6459797476673566,-0.43653018563103996,-0.8984113170236034,-3.241804060149392,-0.9242320153191939,0.6993003997179004,1.4437208952443283,0
-0.3017953373659741,2.5766644922181903,-1.1878973347114894,-1.6034578594645645,0.5645296364292738,5.277978485480105,1.1266326956671864,0.825954155620064,0.7616721862950018,-2.466492466482818,0
2.91310331137882,1.1745838331451788,1.3390059867915078,0.3790797126847836,0.939711826547891,2.0234032559861257,2.402936563442039,-1.0253338905324527,0.6401696361230503,-0.6345477589238006,0
-2.181538008784496,-0.8525181548281766,2.675130563263628,-0.6059132198377588,1.5622691997026381,3.055891957258527,1.3079922473157313,-2.0630118115008154,0.8627049219900169,0.1172255194576409,0
-0.01507865427939703,-0.09712299748244535,-0.29839258925736356,-0.18735979214633436,1.0087567496425711,1.4600248558556215,1.0256065927559386,0.08695970203716943,-1.001621865490398,0.1429045253302135,1
1.2901201863379388,1.3076754794886836,-3.1362259255559586,-1.9500844224059257,1.2730848525771432,3.9019876146331383,1.1287982139170476,-0.32768654132878194,-0.23610401091920777,0.2143220282674208,1
-2.0371828189167975,-0.90012996369387,0.7184736828944488,-2.375706661064818,-0.8661566880732645,1.5654298258731547,-3.000213911496524,1.2051177396144506,-0.4444775331910273,1.2880454068715963,1
-1.4667207134485996,-0.6239992325456577,2.4360582729681957,-1.0372447181148439,0.6640993863337421,3.1490723185663807,0.3340477518322153,-0.7717096870583702,1.1764904376350318,0.17523452360127903,0
1.1579933305462136,0.4631074741011141,0.029653830544153048,-0.9962577064079017,-0.16003944584059981,3.2030953463269114,0.2879786181338023,1.1057145758432931,-0.31779021391231094,-0.21802155357150887,0
1.0684093106602623,1.6647710079961922,-0.10131093438246142,-0.8074444033694562,0.7116627911307981,1.9905404856685995,0.8034958717402022,-0.8155027018702209,-0.5034623439010585,-0.7811839898944527,0
0.7963393585033256,0.5211260039276224,1.2430697229927303,-2.089949363318519,0.37783535788964395,2.44149359551899,-0.5666565424677324,0.37140403442303066,-0.4463320787671849,0.977047710384871,0
1.3306086392482643,1.2061264245467775,4.008693427353366,-0.9030377063160914,0.3075308663556904,2.7161195243684353,0.6793488089878392,-0.9952966937905094,0.24672138869860635,-0.5729100060371336,0
2.365124609200497,1.1538764883011101,3.321205278189974,-0.005721679890651421,-1.0041566590221855,1.0248665406084485,-0.20753909959894412,-2.2303204247730286,0.7051733219097177,-0.8948892883970259,1
3.4590995113129113,0.6323938936559756,-1.442466082952385,-0.7095005396483802,-0.06755835250906805,1.5571422431732516,0.4338870206410578,0.5162649162799985,0.5823769459527517,0.7458075295813341,1
1.2623183499660398,0.1652066708645955,-0.47396556305558435,-2.58004570762776,0.7288756523157356,0.044467678914741016,-1.6014622029889374,0.5983980076204188,1.8342020358562743,2.75196913231699,0
-1.6135425332773963,-0.6282858821844223,-2.5738086554857627,-1.3266356855193893,0.004963831788942996,1.1369408760783863,-1.375651609629059,-1.3025774789535371,-1.2855045230279023,0.7524369870553359,0
-0.6030063471597404,-0.7011921049586911,1.7366777003412275,-1.3997641812339563,0.23693833117463114,2.319124976842249,-0.5327090086500081,1.0361977510121103,-0.0399421135838643,0.9596801597583242,0
1.1899082235675138,1.3811401423736411,-0.09997304174336497,-1.3680678402386552,1.2882416089519393,4.75472226422621,1.9862582912668751,-0.8842890029883183,0.02479863462860666,-0.6445759257405859,0
0.4279610258549357,-2.0552393387728456,-0.306962317121669,-1.0293148614779613,1.3867448130429576,-2.31060578854175,-0.9878750536960752,0.29305109092155535,0.9308745119372439,4.071537939736386,1
2.5427049001092037,-0.4736439234819809,0.1568022382784816,-1.6324933591935218,1.3067222504770095,0.6815668687640329,0.2252614745491211,1.4303627991183554,0.6650224694439736,2.9789723095769203,0
-2.552141927782454,-0.80097642675921,-0.461719951679299,-1.6342642507276062,-0.34438198969222666,-0.06294512015246922,-2.665393028016446,-0.3163355447400646,1.797733840577358,1.0779688071225448,0
-2.613694512625315,-1.929980674872489,-0.3869521700448071,-1.1757370664171787,1.0466669754004565,-0.46658000867977156,-1.2854472871334512,-1.579627452555176,-0.11676399778157646,2.3088378427678795,1
2.3535718774834575,0.062423553788426456,0.2931331224327791,-1.252587537000601,0.24724623124368017,-0.691378185427642,-0.9650487637542859,0.6803837384236716,0.7665513543377717,2.1390822603564055,0
0.4206020922693059,-1.4948071499910491,0.6336511500558148,0.34134488158490517,3.6644697800874284,4.653193815225473,5.179551222159288,-0.17905877605114642,0.9491491616748444,1.0873154326622934,0
4.192662384652586,1.0428260199152402,1.6874813091402883,0.6683744261250508,2.076000687364512,1.6839349125719272,3.79242715540212,-2.3686912068521586,1.0197765271882882,0.21645707528610247,0
-0.867205323911465,-0.4663991654614994,-1.7342970300704459,-0.70300023808977,-0.10364239760915628,-2.693447321172129,-2.352970624529621,-0.5893905948504429,0.3785021489175206,1.4820888345303007,0
1.3611451890516022,0.6325819027978814,0.5166428304793691,1.5475858371938982,-1.8373895250080499,1.038601938295601,0.14746197618141973,0.5011712644886682,1.1672090836471585,-2.436358632562292,1
-2.91989217713848,-1.7454331391535525,4.5844230315864545,-1.2386949042959634,0.7226450204224446,-1.0425938448483723,-1.9205612956208955,-0.06510053875530415,-1.0270155882282783,2.1476051017073465,1
4.233083821525783,0.32942105881935335,-0.6773143695364399,0.08029079150510254,2.1740414309627445,0.9062800896510727,3.001101927132941,-0.09785077021512495,-2.563953967979889,1.6473287892087463,0
1.683403341044766,0.0870706740648366,0.5159544025230217,-0.25194864506600345,0.7039725966822592,0.8594536390057796,0.81830417726367,-0.3684498753660277,-0.24969417246679382,0.7100741809270901,0
-2.4507538316610242,-1.1207039355244632,5.4145990176695005,-0.9668877602501282,1.026122683529754,1.8641717584943462,-0.058643242656706604,-0.8813146623227437,-0.6196364239164643,0.7391704381031197,0
2.1229811908130984,0.4462367328256943,-0.6428134434576378,-1.5413662952148315,1.1478653405502883,2.2170603138460723,0.7811905087457413,0.45325450128577094,-0.9538890884133123,1.3996064533460935,0
1.960044838725714,1.8872018951898122,1.0461628163640033,-0.045569976971084336,0.9662438178462057,2.2269046081307033,1.996256316743213,-1.4107996936270562,0.6012579620436356,-1.2950601154731627,0
1.613077920389307,-1.2426781977972494,0.5487497943317928,-2.660669178618024,0.3989245331035213,0.9510894384992294,-1.6245675482217776,1.0611942762765827,0.4833248272528027,3.7945947485429645,0
-0.21020335751344432,-1.0348859923804403,2.566411170761458,-1.0599787945623804,1.7364896835233152,4.741257859748462,2.171381213474247,0.29188002611631647,-0.6947814747351655,0.9130964993548396,0
-0.5906447904697494,0.7388304198333067,-1.9533685402243721,-3.4091588322630506,-0.38932072167898757,2.849622084450978,-2.506411765764138,1.6589403034315653,-0.07541318090619945,1.0122056321340382,0
2.0872330667252106,-0.6466759479722508,2.451412269547548,-2.240856444162068,0.6517429846024299,0.14800140452093802,-1.2214326822921175,0.4614248329585187,1.6181924894390771,3.4148595784628806,0
0.13326491839581778,2.6405959491513444,3.554234279538262,-1.2106796365655201,1.4171125146424162,5.974419649196399,2.6185738012852147,0.8403568239355511,-1.2743851344689174,-2.6042698655764527,0
-3.5911845988918927,-1.8366135250604247,-0.8520545722633686,-0.36360872253763865,2.312431873528082,0.9462648608746693,0.9436568278356089,-0.7239081891542735,0.7333482326890381,1.2152745362162463,0
-2.1025645085796043,-0.37781512144841,-0.132229803777278,-1.9647324866301497,-0.732083595095498,2.349585371519706,-2.171416463623462,-1.0730552296239266,0.4919090174272401,0.254739598359563,0
-1.7053710919633511,3.0958550061942884,-1.5858922913980864,-2.4637824854641814,-0.02191738994516612,5.823290317277966,-0.17611688992758773,-0.22873502625875175,0.7131723652486122,-3.0746386432366855,0
-1.6234723213676654,-1.581581355758705,0.5515727333869027,-2.8779629927763493,-0.961104621576355,0.899575211915857,-3.762778233907609,-1.5955672462222275,-0.314414783366775,2.6429489370002606,0
-2.3440183608358627,-0.8907251350172432,0.5460127641060637,-2.685243537816051,-1.535738475979986,0.18822205770885647,-4.505756465694818,1.6933256357403823,-0.8717747409692631,1.6132981340797323,0
-1.5152658971427595,-0.9890875512674759,-1.7684469875259934,-1.5949779235882535,0.5567041357426554,3.3725127733023137,-0.19176396636879095,-1.5066128291433938,-0.7134743181070387,0.852623145873649,0
0.3843035763250492,-1.1609231554919832,-0.8094748920257904,-1.0571132467608604,0.7966498316147376,-2.5206814736982657,-1.5699156025158953,-0.11759845265813158,2.311259004942879,3.1299591389517816,1
0.30475769198081015,1.1569193109561633,-0.07121954821857879,-2.9620214025632334,1.4274922957181038,5.254925695937775,0.7318109924238069,1.100663944921611,-1.4471735937410677,0.5066463169462526,0
0.7035271312279223,1.3373885942478216,1.6900239855290875,-1.9672874692280176,0.7994427786333415,3.417782682846825,0.3663772115007505,-1.314170759104837,-0.4215940625576031,-0.032176254215742044,0
4.214142510022794,1.0341846097320706,-0.3063654115011163,1.2559400774704288,-1.716944558493604,1.664048712242188,0.8936037150085179,-1.5474221283691512,0.13883208271781333,-1.6784069080042099,1
5.255326219987564,-0.5092911985027784,-1.9293340431511083,0.6269651763411574,2.149753736291262,-0.9277989546902883,2.8435193327833495,-0.10652910519408315,-0.29550228953308394,2.844861609104508,0
-2.0883884753001025,-1.304971354536268,0.14485916294368856,-2.0658011383366865,-0.8950144967384439,-1.4797854665105605,-4.063388642030988,0.9839235372444523,-1.0585682782565227,2.2947548072710946,0
3.8652451642392975,0.8263767713661936,1.8537994401129874,-1.415094293931474,0.2901231151148279,8.201805149130479,3.0022052756711277,1.6078543368082463,0.8088204022778498,-0.5983016487851041,0
3.9249741178062596,0.8318121174672979,0.9968289181077925,-0.03645762340068126,1.8299399923880455,-0.8946747065441498,1.8163983606887537,-0.6446759511634914,-0.21964501553375435,1.6203305040925973,0
2.360818453939498,0.7883251492465212,3.981505994092707,-0.33350736420773486,0.005571134045018966,0.7507294631328079,0.2716107112310052,0.4805186781082244,1.5383304390525525,0.17077946468416316,1
0.16682498303131593,-0.8233364987926013,-0.653077390777548,-0.19359461948434753,1.2754615471604325,-0.6192332913105147,0.37903362027278975,0.01318026088668942,0.1077481346260674,1.600983222645575,0
3.4417993151293427,2.4607277723311816,1.4302231706231958,1.459508974348994,1.1186444485153544,1.1829815426459256,3.3618115161915108,-0.4869763001880067,-0.15857009234621902,-2.191999260596309,0
4.220911782759872,2.040476175227844,1.013857747297185,-1.404880493583953,1.9513453117455115,-0.0487301567830325,1.2432741032401966,0.0694916127196336,-0.06109732956768189,1.609484640254185,1
2.303282606879836,3.3087152397534045,0.44800164539359,1.802148765971113,-0.49858269529628474,0.8086717876956973,1.8770875883724811,0.5032602265255054,0.22036754883800364,-4.130858713854399,1
-0.3693567373157255,-2.2408344028967244,1.9087383697162725,-0.9463154418307319,2.674560006542092,4.192814946628857,2.7588192558045925,1.1132723127393926,-0.5782201666209199,2.3501267083142126,0
0.7646401407714563,0.4789190042572564,-2.0747247651166694,-3.025382292221875,0.1362679631480317,0.3082039372163088,-2.4913235703190195,-0.7379585563250161,-0.576601776742971,2.3766235583203716,0
1.7077416710867517,1.0903889848788983,-1.6929906697403165,-1.1768881162492966,0.6080921578734866,1.4895300241060259,0.272619001896302,-0.2964154436547553,0.8262314899624682,0.3903677046722877,0
0.4595478745796291,2.063331206693829,0.8681060918087173,-1.2612085324495927,0.5378096538040016,4.5474585252729405,1.2175694549675182,0.39844804551200075,0.3028832767193024,-1.8175899973638467,1
4.904800021285215,1.0572315256344058,-0.9614358412399442,-0.6149967232821134,-0.7972896391377535,-0.49788394859971574,-0.6556430806889579,-1.3962118143750324,0.9566228117354912,1.1642230908770614,1
3.3484665637378397,0.5722105235324919,-2.5459638560891555,-0.7039660938517368,1.8883978026000672,11.134558886489739,6.143817995966686,-0.4175080735150316,-0.014319442715773,-1.478755113619169,0
1.902599478963198,2.901847035400203,0.7174238603081887,0.7315589793240971,1.32136997904231,5.687505514293295,4.492016378331444,-0.6262245956364498,-0.13679690475734085,-3.82333074942558,1
0.23443819776439845,1.5048549553414468,-2.0757650047934257,-1.6636069976445707,0.20453574538463382,3.0470566849664844,-0.14396547702014126,-1.0986549631220837,0.6765165547809898,-0.7152811256873539,1
4.524496419722863,-2.058938909969862,1.3126064714242847,-0.11258104577888717,0.5621709016027079,-1.9411255126834446,0.08367701528948453,-0.3832148369586158,-1.3896296708555456,4.321107461970434,0
0.7236854422804171,0.07179194175943626,1.686081527810609,-2.373214787801419,0.2937749679919429,1.8096363619032454,-1.1999623481644726,1.9566099625857163,0.1378957758749067,1.7582553153006075,0
0.4631311733512206,0.39945830644448943,0.8153693300034396,-1.2696873773744886,-0.657820801629154,2.1814563734619985,-0.9716404146182003,-0.04749744545486307,-0.8825604114455291,-0.04264349224221823,1
2.394058649983724,-0.8761902139157116,4.326761378753972,-2.2622327257178325,1.3544855443446424,1.1781365602246407,-0.13429885366467512,-0.6742902925848823,-1.9308529392530067,3.689244729168722,0
5.3761957898494135,-2.107460485734249,-1.023939494791851,-1.9852999505558317,0.0692620924421481,0.8425540469987833,-0.6526952451474854,0.5083129561625233,0.9354573648487758,5.230841389922323,1
-1.3803756805783203,4.493121549153288,-0.07755520363933122,-1.5171134252154,0.9824088981528653,8.912617775205298,3.0050532967871266,1.3926548882840513,-0.686936417944251,-5.596522137547652,0
-3.6353801670885186,-2.559761466805479,3.81277502001376,-2.3890980694637056,-0.1331911069937839,-2.006805505200073,-4.300562568779343,0.033216563013147696,0.8072610563356423,3.5854326476154386,0
-0.6963601589744912,0.7844964343771654,1.4895496548961975,-3.6593926967383106,0.9206002444405452,4.797018364768462,-0.7579229329082978,0.5388169281811231,-0.5243599556815834,1.0342356935889077,0
3.363695901774692,-0.8403642388542727,1.382953189694409,-1.1081705093089915,0.8472139650387482,-1.0535511931092891,-0.3076700587796293,0.15334476760211485,-0.7144960913030979,3.511911161840141,1
4.733958493128107,-0.18647891506826086,3.1431914946186366,0.4683250834882773,1.8413959003822629,-1.1043755730366798,2.270514874157115,-0.8306215805446449,-1.0363648841320956,2.448735583454344,0
0.7481588831580018,0.25574789309070245,0.07462831678769605,0.1978036148718425,0.9841218668706274,1.4422123055421454,1.5180860289974951,1.1228254938852753,-1.0713083276709745,-0.23432080935316002,0
3.626859854744845,3.0688737322704442,-1.031594497310284,1.8850954318253739,1.1306725129085586,1.3845893842905226,3.911110109654695,0.6652715062900945,0.640960799203096,-3.090500902785488,0
2.433093740758832,0.6855131657070057,0.2211718458906552,-1.0767773763865292,0.2747757546398686,-0.6659685642857953,-0.7129187525994852,-0.5865289930926361,0.2575331531289845,1.4646061351770712,0
-1.463037906979054,-1.181751988527491,-0.4299335459704272,-1.214403496667101,0.4826829287033769,0.7102063081863783,-1.0371539099722302,-0.48466725873343997,0.259133655084339,1.5114517563271215,0
0.7148546810696749,-0.37657936844498296,1.383536254888575,-1.9515171539035387,0.1840984961914327,5.8334082869018955,0.7026348829280841,-0.18600769429209638,-0.098336342192499,0.5063976985709931,0
-0.8631949538004684,-1.3546912512193392,1.9703944290825255,-1.4787740554942888,1.5540902513977803,5.667338537239094,1.8668085955083253,1.2524957291499996,-0.21389648864431846,0.971000837372389,1
4.195443897903441,-2.4870264939050273,0.3655041176905491,-0.4973869389441262,-0.027106855985482792,1.6364323774657596,0.6044954799710273,0.9097833451011628,0.5945838047755574,3.5896974214897286,1
0.4411059916473258,0.9430900021818488,-0.5760882454891472,-1.660938145874949,0.15621914346424892,2.3831863845092114,-0.46001999862355797,-0.6157374582092063,-0.48899228957847524,0.04272097662012547,1
5.6734633274679265,0.34093489542039845,3.066660937515575,1.8281133190950087,1.4358098704907962,-3.0312750268920974,2.524707109291284,-0.3636132959016177,-1.7725785653614543,1.5904270349162886,0
0.2726267795851661,-0.184505271921524,1.088346013331849,-1.9925264539100047,-0.5659414567192025,4.085265009174902,-0.81065731313861,-0.7103324902148916,-0.5282140148497824,0.4752596339273351,0
-1.0630800732285763,-0.17836925350354227,3.393265946032635,-0.8837011216496167,0.7453054047294358,3.7778600317109916,0.920333045194632,1.3158872670461172,1.3903331835321713,-0.37382910234614686,0
-2.12683310090274,-1.4184782528131206,-0.6430622910814745,-0.6041784734197335,1.6269557593537565,0.6241202660403525,0.3260450494266888,-0.624084745037494,-0.8389684396441776,1.4146106164518137,0
-0.8193019405301099,2.6067585614393076,2.2112884800524206,2.9249490010020995,-0.922773237492592,3.5030015648860604,2.8787949829441,-1.2450344592513576,-0.5197747896300302,-6.571087299473755,1
3.152780952269839,-0.8845357081901686,0.06276586811997203,-1.753849282787535,1.5515613761403784,0.0033124267647366423,0.15516332062709892,-0.11079147568777581,0.9679455131409394,3.9661511021148,0
0.438032519306194,0.7606750415890917,1.7752798307725637,-1.0198855183217712,-0.4232990762347648,3.874661341497047,0.1811280126471299,0.005685698039677293,-0.7633491867151124,-1.0237080083923273,0
-0.707445036237472,-1.8666657169345107,1.4428992395455689,-0.5606660267859991,2.7432074442899244,2.9587630695560754,2.6000442145252727,0.5710314643971474,1.671962960073275,1.973289707236769,0
-1.557547338896632,0.10774707339895828,-3.548983524148449,0.859424063246299,0.5356826049647877,-1.005363656440315,0.17659160795396864,-2.495707383782465,0.6902559291228032,-0.8997476996091852,1
1.3761028225727459,-1.3098362155684553,2.1893692702335645,-3.5720924271882373,0.25446925765213113,-2.076779177238794,-3.857867822197266,-2.314456078778476,1.6982903924269561,5.435646697307276,0
-0.6286135216791715,-0.5945713546843272,-1.239430917309698,-0.6303047893735656,1.4467274355462723,3.9042909489666213,1.8821526137484703,1.185829198742175,-0.1633079550015069,0.15489900130751783,0
0.3643819507100313,-2.3734862178235296,-0.5674923078644587,-0.3277665186645541,1.883915813480296,-2.7243317677729135,-0.14210249247737433,-0.48268326364734954,1.4917821634240598,4.042401157569683,1
4.238146740886641,-2.3762218628451506,0.22488501906193592,-0.6656987673514393,0.48092178908833905,-2.7424422017235806,-0.8866659641495169,1.2254705453144694,0.5369756969437411,5.194224962409932,0
4.158270679160538,1.3795223458456416,1.0001135185890688,1.1858953733375177,1.669454695286111,1.718578295372855,3.909576025829298,0.10175105077163865,-1.1064745561139018,-0.7016961310922694,1
-1.1605890423886354,-2.9995177719720907,-0.7697677666654164,0.14149893295405214,3.4404868477751593,-1.5502608081351275,1.7810883255824184,-0.7287293926540226,-1.0099542026761599,3.8707188397402716,1
2.3296316809893103,-0.432986939310151,2.6185710066390517,-1.1113634968249435,1.6487895036002458,7.429151989158994,3.7450868038815157,1.6610939118967147,-1.0639936165655535,0.4600316300173355,1
-1.2607568894570977,1.350407988347046,0.4472846308929386,1.564161824498619,-1.3526167613680138,2.3805819117215394,0.6568381604451901,0.5925553079287688,0.7288186376596363,-4.254684551376594,1
1.791367230374417,-0.4574134702241016,0.7387656738838714,-1.3116617164552673,0.6801573347452271,4.0836480912511135,1.197220797868556,-0.9887373184198183,-0.08171069214157814,1.1367908409996708,0
3.4079087986243914,0.9890356940709909,0.7869323902043791,-0.12531792200221248,-0.24893021824853123,-0.8309671996202761,-0.1971425285889811,-0.8526850162328397,-0.2280932319970342,0.579787190265372,1
1.9981254120290866,0.6841247581043151,-1.4214111999990213,-0.47677844881465326,-0.06240999888610177,1.4706558477037839,0.30087255346625774,-0.9822732534781534,1.9972805022846487,0.009740026777305266,0
-3.7393169777404323,-2.5252387535683902,2.3746363573219336,-1.354116218403695,1.709534530358435,0.9047485394057107,-0.5582582985857146,-1.0872606842743522,-0.9474290450606763,2.4142472405828936,0
0.8226421299277132,3.34792687262762,1.247907227730845,-0.5975699338310363,1.878423386784148,7.365971530101018,4.341863131641897,1.7461537795510573,0.16548939312256028,-3.773737294825986,0
-1.9802873884302428,-1.891374699369599,1.0265787214320181,-1.236477789983621,1.6152517760332707,2.410777739149088,0.5034474421733258,0.7027256732712895,1.2094944936447791,1.8733571446210953,0
-1.3204050459561563,2.8765645673718625,4.679074906719988,-2.078837583234435,-0.2550446544581091,4.298936410343742,-0.6199010213485706,1.7660503040522877,0.1596082474008315,-2.6888704317015173,0
-2.8428569329627056,-0.9631024144396388,-0.1959219542266123,-2.2919304095717905,-0.9634681766795274,0.435689250437031,-3.658479172579593,-0.2714050601644967,0.08978496441913161,1.2991447741362179,0
-4.737359081964907,-2.137341051351207,0.21944955668791877,-2.09862979315163,0.28143036952607803,0.5738277147915218,-2.804425225498569,-0.030252661725420512,-0.47970673955782334,1.925149239958999,0
-2.3208050272077507,-1.6400058010641465,-1.4417400322870173,-1.4150421187260112,0.3977942672158741,-0.6998854700834165,-2.088693852138698,0.5141458264060461,-0.7437160852944981,2.191178814333606,0
3.529739768019298,0.47472982782557427,-0.8659637801319917,-0.8022934988513293,1.68674030689008,-1.1404355120516687,0.8105464971393299,-2.1670900615257573,-0.8685964306357081,2.4780016996106022,1
-2.2135596091725267,-1.5678412513306514,-0.1060171459521968,-1.8115225460600448,0.48521108447452777,1.5937470490020074,-1.3737956309996036,-0.4691296593240883,-2.3260637133891717,1.8288101991132448,0
3.354155925718282,0.260595900317373,0.07440874332008335,-0.4445253784594968,0.5352566566750554,-0.3325735146622649,0.3697543790885961,-1.334160759004991,-0.40797147810125295,1.6203741699536103,1
4.511532673127232,-0.6326435511816251,0.5626604860473682,-0.3264652328234027,1.5853860020857053,-1.0893414837028463,1.2761789493629592,-0.6899159780289247,-0.29263062033020526,3.349223179303359,0
-2.5450080705240214,-1.4994516803713935,1.756805626501684,-1.601170324709043,0.21505577752094118,-0.27296182240569355,-2.2734927826932076,0.3681850364120082,-1.4021959857560435,1.9463830425977064,0
-0.20400466899878966,-0.4241668159750167,0.23878892430463405,-1.6208750753240806,-0.6460506455204049,0.677276108775108,-2.0938913044221854,0.8686752713391771,-0.25828866331511835,1.2240810139473177,1
